start_station_id,start_station_name,trips,member_trips,casual_trips,classic_trips,electric_trips,docked_trips,rtype_other_trips,mean_start_lat,mean_start_lng,coord_n,dist_sum_m,dist_n
13022,Streeter Dr & Grand Ave,22401,4856,17545,16392,6009,0,0,41.892279,-87.612055,22401,54239232.1,22349
13300,DuSable Lake Shore Dr & Monroe St,13894,2878,11016,10376,3518,0,0,41.880977,-87.616755,13894,29130510.5,13848
13042,Michigan Ave & Oak St,13223,4814,8409,9085,4138,0,0,41.900977,-87.623780,13223,35104404.1,13199
KA1503000043,Kingsbury St & Kinzie St,13004,9688,3316,7863,5141,0,0,41.889195,-87.638513,13004,20816322.9,12996
LF-005,DuSable Lake Shore Dr & North Blvd,12883,5505,7378,9265,3618,0,0,41.911725,-87.626805,12883,34140950.3,12871
WL-012,Clinton St & Washington Blvd,11609,9480,2129,6039,5570,0,0,41.883429,-87.641218,11609,23420138.6,11599
TA1307000039,Clark St & Elm St,11577,8119,3458,7127,4450,0,0,41.902958,-87.631359,11577,23221596.8,11569
TA1305000032,Clinton St & Madison St,11197,8638,2559,5944,5253,0,0,41.882604,-87.641218,11197,20509352.3,11188
13008,Millennium Park,11178,3716,7462,7749,3429,0,0,41.881049,-87.624087,11178,23868236.6,11129
TA1308000050,Wells St & Concord Ln,10529,6751,3778,5805,4724,0,0,41.912119,-87.634718,10529,23553787.8,10524
TA1308000001,Theater on the Lake,9771,4171,5600,7175,2596,0,0,41.926272,-87.630855,9771,28500334.7,9746
KA1503000071,University Ave & 57th St,9762,7458,2304,7154,2608,0,0,41.791479,-87.599885,9762,10598310.5,9755
KA1504000135,Wells St & Elm St,9676,6612,3064,5381,4295,0,0,41.903193,-87.634397,9676,17632376.8,9668
21544,State St & Chicago Ave,9254,6582,2672,5427,3827,0,0,41.896623,-87.628614,9254,15774442.9,9247
13045,Dearborn St & Erie St,9196,6458,2738,5843,3353,0,0,41.894029,-87.629331,9196,15739542.9,9190
15544,Shedd Aquarium,8990,1596,7394,6651,2339,0,0,41.867232,-87.615394,8990,20883422.7,8963
KA1503000064,Dusable Harbor,8922,2214,6708,6320,2602,0,0,41.886975,-87.612817,8922,20148960.0,8897
638,Clinton St & Jackson Blvd,8900,6893,2007,4706,4194,0,0,41.878211,-87.640969,8900,17613283.1,8893
TA1307000117,Wabash Ave & Grand Ave,8830,5197,3633,5337,3493,0,0,41.891460,-87.626767,8830,16088679.8,8812
KA1503000014,Ellis Ave & 60th St,8712,6497,2215,6709,2003,0,0,41.785119,-87.601097,8712,8677849.5,8706
13341,Canal St & Madison St,8589,6317,2272,4539,4050,0,0,41.882338,-87.639759,8589,17563138.3,8578
13001,Michigan Ave & Washington St,8366,4695,3671,5445,2921,0,0,41.883980,-87.624666,8366,16427475.8,8339
13179,Clark St & Lincoln Ave,8201,4661,3540,5210,2991,0,0,41.915699,-87.634603,8201,19696676.8,8193
13146,Clark St & Armitage Ave,8157,4846,3311,5084,3073,0,0,41.918295,-87.636299,8157,19584027.9,8147
13263,Columbus Dr & Randolph St,8139,4809,3330,4830,3309,0,0,41.884708,-87.619578,8139,17260393.1,8127
TA1306000012,Wells St & Huron St,7998,5342,2656,4677,3321,0,0,41.894724,-87.634396,7998,13466572.2,7987
TA1307000151,Wells St & Hubbard St,7956,5444,2512,4731,3225,0,0,41.889961,-87.634297,7956,14406329.6,7943
13430,LaSalle St & Illinois St,7933,4762,3171,4753,3180,0,0,41.890774,-87.631713,7933,15754375.6,7921
13137,Broadway & Barry Ave,7890,5493,2397,4433,3457,0,0,41.937601,-87.644101,7890,17915445.8,7886
TA1306000003,Desplaines St & Kinzie St,7867,5460,2407,4398,3469,0,0,41.888685,-87.644454,7867,14307799.5,7860
SL-005,Indiana Ave & Roosevelt Rd,7866,4409,3457,5501,2365,0,0,41.867899,-87.623041,7866,16250177.8,7849
TA1307000134,Wilton Ave & Belmont Ave,7770,5240,2530,4239,3531,0,0,41.940209,-87.652948,7770,16324984.5,7764
13011,Canal St & Adams St,7643,5925,1718,3734,3909,0,0,41.879280,-87.639954,7643,17455367.6,7633
TA1306000029,McClurg Ct & Ohio St,7641,4520,3121,4900,2741,0,0,41.892587,-87.617320,7641,16607497.4,7629
TA1307000128,Dearborn Pkwy & Delaware Pl,7591,5136,2455,4439,3152,0,0,41.898952,-87.629954,7591,15277024.0,7579
TA1306000013,New St & Illinois St,7494,4021,3473,4730,2764,0,0,41.890825,-87.618629,7494,15745759.8,7476
TA1305000011,Michigan Ave & Lake St,7473,4399,3074,4779,2694,0,0,41.885999,-87.624487,7473,13509351.2,7454
TA1306000009,Larrabee St & Kingsbury St,7374,5883,1491,3954,3420,0,0,41.897735,-87.642944,7374,14301159.5,7369
KA1504000076,Ellis Ave & 55th St,7346,5574,1772,5567,1779,0,0,41.794300,-87.601446,7346,8134329.9,7338
TA1306000010,Daley Center Plaza,7283,5221,2062,4600,2683,0,0,41.884211,-87.629614,7283,14979249.2,7276
TA1305000002,Wabash Ave & Roosevelt Rd,7251,4694,2557,4489,2762,0,0,41.867215,-87.625981,7251,12850651.8,7242
23003,Halsted St & Fulton St,7065,4615,2450,3541,3524,0,0,41.886847,-87.648091,7065,16101489.6,7064
TA1306000016,Sheffield Ave & Fullerton Ave,6932,4835,2097,4117,2815,0,0,41.925542,-87.653700,6932,12769272.6,6925
TA1305000022,Orleans St & Merchandise Mart Plaza,6878,4668,2210,3498,3380,0,0,41.888177,-87.636514,6878,12364598.4,6871
13265,Kingsbury St & Erie St,6853,5181,1672,4209,2644,0,0,41.894080,-87.641733,6853,10842218.9,6848
13061,Ashland Ave & Division St,6824,4730,2094,3544,3280,0,0,41.903412,-87.667776,6824,16094694.3,6816
TA1309000039,DuSable Lake Shore Dr & Diversey Pkwy,6818,3982,2836,4274,2544,0,0,41.932573,-87.636439,6818,18699186.4,6812
13021,Clinton St & Lake St,6818,5167,1651,3730,3088,0,0,41.885617,-87.641862,6818,11717272.0,6816
623,Michigan Ave & 8th St,6805,2265,4540,4966,1839,0,0,41.872740,-87.624009,6805,12161212.5,6772
13325,Broadway & Waveland Ave,6680,4920,1760,3578,3102,0,0,41.949066,-87.648626,6680,14303503.5,6669
KA1503000012,Clark St & Lake St,6596,4544,2052,4005,2591,0,0,41.886025,-87.630922,6596,12421031.8,6584
TA1307000130,Morgan St & Polk St,6593,5596,997,3594,2999,0,0,41.871792,-87.651062,6593,8570920.6,6593
331,Halsted St & Clybourn Ave,6516,4491,2025,3693,2823,0,0,41.909656,-87.648128,6516,15019525.9,6513
TA1305000014,Clark St & Wrightwood Ave,6498,4366,2132,3756,2742,0,0,41.929557,-87.643136,6498,14687371.4,6491
TA1307000120,Green St & Madison St,6481,4690,1791,3673,2808,0,0,41.881867,-87.649238,6481,12322965.2,6472
13278,Broadway & Cornelia Ave,6450,4376,2074,3447,3003,0,0,41.945520,-87.646461,6450,15364709.6,6445
TA1305000006,Dearborn St & Monroe St,6439,4558,1881,3751,2688,0,0,41.881237,-87.629567,6439,12833396.9,6436
TA1305000041,Damen Ave & Pierce Ave,6367,4163,2204,3271,3096,0,0,41.909406,-87.677688,6367,15369443.7,6363
13431,Adler Planetarium,6259,1657,4602,4561,1698,0,0,41.866099,-87.607278,6259,14977868.8,6251
TA1309000066,Ravenswood Ave & Lawrence Ave,6145,4448,1697,2832,3313,0,0,41.968452,-87.674224,6145,12269543.0,6136
TA1309000049,DuSable Lake Shore Dr & Belmont Ave,6107,3480,2627,3657,2450,0,0,41.940759,-87.639182,6107,18345933.8,6094
TA1305000003,Fairbanks Ct & Grand Ave,6047,3574,2473,3768,2279,0,0,41.891838,-87.620585,6047,11058329.9,6038
TA1309000058,Lincoln Ave & Fullerton Ave,6042,4050,1992,3300,2742,0,0,41.924162,-87.646371,6042,13849282.5,6037
SL-008,Federal St & Polk St,6004,3993,2011,3860,2144,0,0,41.872083,-87.629565,6004,9898692.8,5998
TA1308000012,Montrose Harbor,6000,2437,3563,4084,1916,0,0,41.963977,-87.638184,6000,17145100.7,5988
TA1309000024,Clark St & Schiller St,5979,3929,2050,3643,2336,0,0,41.907979,-87.631513,5979,12741920.5,5972
13158,Peoria St & Jackson Blvd,5903,4522,1381,3510,2393,0,0,41.877644,-87.649594,5903,9409821.1,5895
13332,Loomis St & Lexington St,5881,4984,897,3786,2095,0,0,41.872227,-87.661359,5881,8004563.8,5880
TA1305000025,Franklin St & Jackson Blvd,5879,3822,2057,3500,2379,0,0,41.877732,-87.635312,5879,10903812.8,5865
13193,Larrabee St & Webster Ave,5846,3524,2322,3434,2412,0,0,41.921816,-87.644121,5846,12581477.1,5842
TA1309000037,Kimbark Ave & 53rd St,5785,4269,1516,4082,1703,0,0,41.799532,-87.594809,5785,7406623.6,5784
TA1309000019,Lakeview Ave & Fullerton Pkwy,5783,3417,2366,3459,2324,0,0,41.925887,-87.638969,5783,14410900.5,5776
TA1307000150,Pine Grove Ave & Waveland Ave,5770,3964,1806,3424,2346,0,0,41.949444,-87.646459,5770,14122303.0,5765
632,Clark St & Newport St,5746,3334,2412,2651,3095,0,0,41.944474,-87.654688,5746,13290662.0,5742
KA1503000041,McClurg Ct & Erie St,5740,3900,1840,3705,2035,0,0,41.894533,-87.617953,5740,13767874.3,5730
TA1308000049,Wells St & Evergreen Ave,5682,3402,2280,3284,2398,0,0,41.906713,-87.634895,5682,11417847.1,5678
TA1309000025,Halsted St & Roscoe St,5671,3652,2019,2666,3005,0,0,41.943672,-87.648947,5671,13758888.3,5664
TA1307000142,Clark St & Drummond Pl,5668,3874,1794,3391,2277,0,0,41.931255,-87.644322,5668,13329640.7,5663
TA1307000126,Sheffield Ave & Waveland Ave,5661,3397,2264,2841,2820,0,0,41.949342,-87.654507,5661,13045862.4,5656
TA1307000121,Halsted St & Polk St,5647,4632,1015,3019,2628,0,0,41.871832,-87.646637,5647,8212192.1,5645
TA1309000004,LaSalle St & Jackson Blvd,5607,4375,1232,3006,2601,0,0,41.878136,-87.631901,5607,10666732.1,5599
13016,St. Clair St & Erie St,5602,3924,1678,3035,2567,0,0,41.894353,-87.622806,5602,11764961.3,5593
TA1305000029,State St & Randolph St,5579,3427,2152,3718,1861,0,0,41.884613,-87.627859,5579,9997355.9,5565
13235,Southport Ave & Waveland Ave,5515,3899,1616,3084,2431,0,0,41.948152,-87.664016,5515,12060695.6,5512
TA1307000041,DuSable Lake Shore Dr & Wellington Ave,5437,3026,2411,3579,1858,0,0,41.936683,-87.636819,5437,15384741.9,5429
TA1307000111,Franklin St & Lake St,5431,3944,1487,2944,2487,0,0,41.885819,-87.635526,5431,11355448.5,5422
15530,Rush St & Superior St,5410,3527,1883,3241,2169,0,0,41.895729,-87.625995,5410,10099195.0,5405
KA1504000133,Rush St & Cedar St,5387,3465,1922,2850,2537,0,0,41.902304,-87.627749,5387,11396088.0,5380
TA1307000062,Sedgwick St & Huron St,5353,4087,1266,3323,2030,0,0,41.894665,-87.638416,5353,8725856.8,5344
13071,Southport Ave & Roscoe St,5338,3498,1840,3157,2181,0,0,41.943701,-87.664000,5338,12091155.3,5333
13427,Cityfront Plaza Dr & Pioneer Ct,5301,2865,2436,3398,1903,0,0,41.890544,-87.622087,5301,9791891.6,5283
13157,Aberdeen St & Jackson Blvd,5279,3832,1447,3160,2119,0,0,41.877736,-87.654785,5279,7801485.0,5272
TA1309000061,Halsted St & Wrightwood Ave,5262,3474,1788,3064,2198,0,0,41.929113,-87.649081,5262,11087572.4,5257
13050,State St & Kinzie St,5160,3160,2000,2959,2201,0,0,41.889268,-87.627129,5160,9758991.4,5156
13063,Sheridan Rd & Irving Park Rd,5140,3645,1495,2911,2229,0,0,41.954245,-87.654409,5140,10166617.9,5137
15541.1.1,Buckingham Fountain,5047,1225,3822,3617,1430,0,0,41.872582,-87.622490,5047,9375995.6,5035
TA1309000010,Wabash Ave & 9th St,4955,2898,2057,2885,2070,0,0,41.870766,-87.625738,4955,8786726.1,4945
13216,State St & 33rd St,4940,4513,427,3018,1922,0,0,41.834735,-87.625846,4940,5830662.7,4932
TA1308000022,Pine Grove Ave & Irving Park Rd,4927,3572,1355,2565,2362,0,0,41.954382,-87.648046,4927,11415409.2,4920
RN-,Franklin St & Illinois St,4914,3323,1591,2920,1994,0,0,41.891028,-87.635487,4914,8494021.2,4904
TA1309000023,Sheffield Ave & Wrightwood Ave,4904,3063,1841,2824,2080,0,0,41.928701,-87.653832,4904,10174335.0,4898
13033,Milwaukee Ave & Grand Ave,4897,3259,1638,2634,2263,0,0,41.891589,-87.648361,4897,10351576.8,4890
13276,Stockton Dr & Wrightwood Ave,4850,2981,1869,3082,1768,0,0,41.931315,-87.638742,4850,12837696.7,4846
13379,Clarendon Ave & Gordon Ter,4834,3619,1215,2450,2384,0,0,41.957852,-87.649505,4834,10603236.8,4830
TA1307000052,Sheffield Ave & Wellington Ave,4771,3354,1417,2758,2013,0,0,41.936264,-87.652661,4771,10698619.1,4770
15529,Mies van der Rohe Way & Chestnut St,4760,2747,2013,2754,2006,0,0,41.898573,-87.621979,4760,10016905.3,4750
TA1307000139,MLK Jr Dr & 29th St,4715,4230,485,2518,2197,0,0,41.842063,-87.617019,4715,7381053.8,4711
TA1309000033,Sheffield Ave & Webster Ave,4647,3061,1586,2592,2055,0,0,41.921574,-87.653816,4647,9564629.8,4641
13338,Mies van der Rohe Way & Chicago Ave,4646,3115,1531,2695,1951,0,0,41.896972,-87.621791,4646,10865675.1,4636
13323,Broadway & Sheridan Rd,4645,3391,1254,2446,2199,0,0,41.952832,-87.650009,4645,9875695.4,4639
13277,Broadway & Belmont Ave,4644,3069,1575,2651,1993,0,0,41.940100,-87.645464,4644,11562405.8,4638
TA1307000131,Wabash Ave & Wacker Pl,4643,2376,2267,2880,1763,0,0,41.886866,-87.626045,4643,8730753.1,4630
15534,Field Blvd & South Water St,4623,2510,2113,2453,2170,0,0,41.886345,-87.617524,4623,10310954.1,4614
TA1307000136,Clark St & Wellington Ave,4580,3173,1407,2722,1858,0,0,41.936483,-87.647557,4580,10332319.8,4576
chargingstx1,Bissell St & Armitage Ave*,4566,3079,1487,2734,1832,0,0,41.918323,-87.652169,4566,8783447.6,4563
TA1307000107,Sheridan Rd & Montrose Ave,4546,3144,1402,2397,2149,0,0,41.961636,-87.654630,4546,9739615.1,4542
TA1309000035,Clark St & Winnemac Ave,4520,2965,1555,2026,2494,0,0,41.973342,-87.667852,4520,10833594.2,4519
13028,900 W Harrison St,4512,3303,1209,2631,1881,0,0,41.874749,-87.649830,4512,6229324.2,4507
TA1307000038,Sedgwick St & North Ave,4498,2935,1563,2930,1568,0,0,41.911370,-87.638673,4498,9114467.9,4493
LP-,Lincoln Park Conservatory,4483,1959,2524,3041,1442,0,0,41.923953,-87.635834,4483,12417466.8,4475
13154,Sheffield Ave & Kingsbury St,4482,3245,1237,2605,1877,0,0,41.910521,-87.653123,4482,9817461.4,4479
15539,Desplaines St & Jackson Blvd,4457,3337,1120,2562,1895,0,0,41.878110,-87.644006,4457,7869271.9,4449
13192,Halsted St & Dickens Ave,4438,2955,1483,2318,2120,0,0,41.919952,-87.648837,4438,9388769.1,4434
TA1309000007,Franklin St & Monroe St,4437,3496,941,2140,2297,0,0,41.880272,-87.635295,4437,8700811.0,4429
13191,Sedgwick St & Webster Ave,4281,2879,1402,2564,1717,0,0,41.922155,-87.638914,4281,9596128.1,4279
TA1309000002,Michigan Ave & Jackson Blvd,4265,2010,2255,2996,1269,0,0,41.877891,-87.624156,4265,7933466.2,4248
TA1307000124,Michigan Ave & 14th St,4252,2842,1410,2715,1537,0,0,41.864084,-87.623729,4252,8553030.1,4249
13221,Wood St & Milwaukee Ave,4242,2912,1330,1969,2273,0,0,41.907641,-87.672525,4242,10704363.4,4235
TA1305000020,Ogden Ave & Chicago Ave,4221,2867,1354,2228,1993,0,0,41.896360,-87.654055,4221,9060351.5,4215
15576,Lakefront Trail & Bryn Mawr Ave,4202,2270,1932,2658,1544,0,0,41.984037,-87.652290,4202,16967616.5,4198
13056,Canal St & Monroe St,4151,3147,1004,2267,1884,0,0,41.882017,-87.639604,4151,8096304.2,4144
TA1306000011,Wells St & Walton St,4116,2615,1501,2902,1214,0,0,41.899933,-87.634432,4116,6772046.1,4105
13128,Clark St & North Ave,4110,2278,1832,2732,1378,0,0,41.911967,-87.631968,4110,10328150.0,4104
13017,Franklin St & Chicago Ave,4105,2828,1277,2457,1648,0,0,41.896764,-87.635709,4105,7355370.6,4103
KP1705001026,LaSalle Dr & Huron St,4086,2550,1536,2579,1507,0,0,41.894834,-87.632321,4086,7686151.9,4081
TA1308000009,Shore Dr & 55th St,4084,2287,1797,2918,1166,0,0,41.795228,-87.580792,4084,11373869.0,4077
TA1305000030,Wells St & Randolph St,4076,2686,1390,2464,1612,0,0,41.884279,-87.633758,4076,8121544.4,4068
KA1503000015,Wabash Ave & Adams St,4057,2545,1512,2389,1668,0,0,41.879496,-87.625740,4057,7907858.1,4049
13029,Field Museum,4039,691,3348,2882,1157,0,0,41.865291,-87.617873,4039,9817810.6,4028
22004,Blackstone Ave & 59th St,4036,2944,1092,3042,994,0,0,41.787901,-87.590492,4036,4526187.5,4031
13303,Clark St & Chicago Ave,4025,2722,1303,2633,1392,0,0,41.896742,-87.630874,4025,7376229.6,4020
13058,Dayton St & North Ave,4021,2664,1357,2289,1732,0,0,41.910580,-87.649435,4021,8709904.6,4021
TA1307000006,Southport Ave & Wellington Ave,4021,2609,1412,2359,1662,0,0,41.935774,-87.663604,4021,9076021.3,4016
TA1307000164,Woodlawn Ave & 55th St,3995,2852,1143,3000,995,0,0,41.795266,-87.596474,3995,4650745.3,3985
13243,Milwaukee Ave & Wabansia Ave,3989,2793,1196,2235,1754,0,0,41.912622,-87.681403,3989,9248193.2,3988
13217,Calumet Ave & 33rd St,3975,3675,300,2501,1474,0,0,41.834859,-87.618033,3975,4197143.4,3971
chargingstx4,Morgan St & Lake St*,3973,2854,1119,2202,1771,0,0,41.885507,-87.652313,3973,7619109.5,3969
TA1308000029,Stetson Ave & South Water St,3948,2543,1405,2039,1909,0,0,41.886815,-87.622355,3948,12454377.8,3941
13074,Broadway & Wilson Ave,3944,2707,1237,2217,1727,0,0,41.965218,-87.658178,3944,8922785.4,3940
15545,Burnham Harbor,3932,2101,1831,3128,804,0,0,41.857416,-87.613794,3932,13743930.0,3922
18062,Aberdeen St & Randolph St,3930,2610,1320,2137,1793,0,0,41.884121,-87.654271,3930,7432267.6,3924
13138,Canal St & Jackson Blvd,3929,3020,909,1925,2004,0,0,41.878049,-87.639836,3929,8791446.0,3926
KA1504000134,Ritchie Ct & Banks St,3928,2403,1525,2110,1818,0,0,41.906857,-87.626261,3928,8982537.0,3927
TA1306000026,Racine Ave & Fullerton Ave,3852,2841,1011,2394,1458,0,0,41.925549,-87.658424,3852,7709332.1,3849
TA1305000034,Honore St & Division St,3836,2769,1067,1924,1912,0,0,41.903126,-87.673893,3836,8785284.3,3830
TA1309000008,Franklin St & Adams St (Temp),3820,2684,1136,2116,1704,0,0,41.879362,-87.635516,3820,6991112.6,3815
13389,Clarendon Ave & Junior Ter,3812,2547,1265,2061,1751,0,0,41.961002,-87.649588,3812,9445242.5,3808
13084,California Ave & Milwaukee Ave,3801,2347,1454,1832,1969,0,0,41.922692,-87.697149,3801,9240757.4,3798
KA1503000044,Rush St & Hubbard St,3791,2441,1350,1968,1823,0,0,41.890187,-87.626195,3791,7249267.8,3773
TA1307000127,Clark St & Grace St,3777,2174,1603,1851,1926,0,0,41.950807,-87.659180,3777,8493187.0,3775
23001,Elizabeth St & Randolph St,3757,2582,1175,1797,1960,0,0,41.884326,-87.658918,3757,7012456.1,3752
TA1309000036,Burling St & Diversey Pkwy,3751,2818,933,2281,1470,0,0,41.933126,-87.647751,3751,8350115.7,3751
13036,Michigan Ave & Madison St,3751,1869,1882,2255,1496,0,0,41.882093,-87.625151,3751,7601222.2,3739
13133,Damen Ave & Cortland St,3749,2387,1362,2040,1709,0,0,41.915979,-87.677317,3749,9660068.7,3743
SL-011,Wells St & Polk St,3731,2442,1289,2154,1577,0,0,41.872755,-87.633579,3731,5745852.8,3726
13160,May St & Taylor St,3723,3039,684,2394,1329,0,0,41.869548,-87.654552,3723,5032653.1,3717
TA1306000015,Sangamon St & Lake St,3675,2607,1068,2219,1456,0,0,41.885801,-87.651039,3675,7324047.9,3672
KA1504000146,Clark St & Berwyn Ave,3661,2406,1255,1559,2102,0,0,41.978029,-87.668446,3661,9875622.7,3652
TA1306000014,Wilton Ave & Diversey Pkwy,3658,2593,1065,1946,1712,0,0,41.932415,-87.652700,3658,7015828.1,3656
TA1308000019,Racine Ave & Belmont Ave,3623,2349,1274,1969,1654,0,0,41.939727,-87.658870,3623,8130775.0,3620
TA1307000163,Clifton Ave & Armitage Ave,3578,2562,1016,2160,1418,0,0,41.918210,-87.656957,3578,7824208.5,3577
TA1307000064,Lincoln Ave & Diversey Pkwy,3525,2310,1215,1906,1619,0,0,41.932200,-87.658640,3525,8285037.4,3523
TA1305000039,Elston Ave & Cortland St,3521,2377,1144,1834,1687,0,0,41.916436,-87.666753,3521,7811758.4,3518
13229,Southport Ave & Belmont Ave,3510,2408,1102,2082,1428,0,0,41.939446,-87.663753,3510,7664808.3,3506
TA1309000001,Halsted St & Maxwell St,3490,2526,964,1632,1858,0,0,41.864871,-87.647073,3490,5504979.8,3485
TA1305000005,Dearborn St & Adams St,3469,2305,1164,2286,1183,0,0,41.879317,-87.629760,3469,6279479.4,3463
13034,Michigan Ave & Pearson St,3462,1674,1788,2371,1091,0,0,41.897609,-87.623534,3462,7037133.2,3452
TA1309000011,Ellis Ave & 58th St,3445,2759,686,2600,845,0,0,41.788738,-87.601308,3445,4084330.3,3441
TA1307000166,Halsted St & Willow St,3443,2364,1079,1903,1540,0,0,41.913853,-87.648758,3443,7495545.6,3436
TA1307000113,Southport Ave & Wrightwood Ave,3420,2291,1129,1878,1542,0,0,41.928781,-87.663904,3420,6913708.4,3419
13085,Kedzie Ave & Milwaukee Ave,3417,2096,1321,1744,1673,0,0,41.929341,-87.707942,3417,8981020.6,3414
KA1504000079,Larrabee St & Division St,3416,2269,1147,2156,1260,0,0,41.903494,-87.643351,3416,5833178.4,3412
13132,Damen Ave & Chicago Ave,3380,2377,1003,1456,1924,0,0,41.895727,-87.677195,3380,8332538.7,3376
22002,Woodlawn Ave & 58th St,3366,2466,900,2428,938,0,0,41.789387,-87.596481,3366,4619276.6,3365
TA1309000063,Lake Park Ave & 56th St,3343,2286,1057,2471,872,0,0,41.793243,-87.587784,3343,5418625.0,3337
TA1305000004,McCormick Place,3340,964,2376,2295,1045,0,0,41.851409,-87.618905,3340,8413606.8,3328
TA1309000027,Sheridan Rd & Buena Ave,3329,2378,951,1745,1584,0,0,41.958482,-87.654980,3329,6847040.4,3327
13150,Michigan Ave & 18th St,3308,1958,1350,2103,1205,0,0,41.857898,-87.624366,3308,7696651.3,3297
13156,Aberdeen St & Monroe St,3293,2503,790,2045,1248,0,0,41.880413,-87.655534,3293,6110137.1,3289
SL-010,Financial Pl & Ida B Wells Dr,3291,2354,937,2073,1218,0,0,41.875016,-87.633121,3291,5842220.8,3286
KA1503000072,Wacker Dr & Washington St,3242,2491,751,1458,1784,0,0,41.883165,-87.637275,3242,5727787.3,3240
TA1309000042,Lincoln Ave & Melrose St,3203,2350,853,1737,1466,0,0,41.940596,-87.669463,3203,7474176.7,3201
TA1309000014,Clark St & Leland Ave,3202,2092,1110,1780,1422,0,0,41.967092,-87.667330,3202,7615503.9,3200
13196,Carpenter St & Huron St,3155,2195,960,1535,1620,0,0,41.894553,-87.653446,3155,6432469.7,3153
13068,Western Ave & Winnebago Ave,3132,2106,1026,1752,1380,0,0,41.915529,-87.687020,3132,7400210.5,3130
KA1504000116,Larrabee St & Oak St,3106,2374,732,1876,1230,0,0,41.900221,-87.642988,3106,6052538.9,3105
TA1305000035,State St & Van Buren St,3105,1815,1290,1994,1111,0,0,41.877168,-87.627868,3105,5928838.2,3089
13194,Ogden Ave & Race Ave,3082,2200,882,1580,1502,0,0,41.891822,-87.658762,3082,6185844.7,3079
WL-011,Jefferson St & Monroe St,3033,2156,877,1896,1137,0,0,41.880333,-87.642758,3033,5197969.5,3026
chargingstx3,Green St & Randolph St*,3003,1896,1107,1718,1285,0,0,41.883612,-87.648602,3003,6359083.3,2997
13102,Calumet Ave & 18th St,2999,1694,1305,1913,1086,0,0,41.857605,-87.619404,2999,7188365.2,2990
636,Orleans St & Hubbard St,2990,2132,858,1733,1257,0,0,41.889303,-87.636222,2990,4796302.9,2987
SL-007,State St & Harrison St,2985,1680,1305,2145,840,0,0,41.874047,-87.627723,2985,5067560.1,2980
SL-012,Wabash Ave & 16th St,2952,1900,1052,1947,1005,0,0,41.860389,-87.625816,2952,6421295.9,2944
15535,Desplaines St & Randolph St,2933,2015,918,1669,1264,0,0,41.883691,-87.644262,2933,5376201.5,2931
13136,Damen Ave & Division St,2932,1986,946,1357,1575,0,0,41.903263,-87.678448,2932,6935154.0,2926
TA1307000061,State St & Pearson St,2923,1991,932,2087,836,0,0,41.897462,-87.628739,2923,5357141.8,2919
TA1306000032,Sheffield Ave & Willow St,2900,2117,783,1779,1121,0,0,41.913702,-87.652852,2900,6170972.0,2897
KA1503000007,Cornell Ave & Hyde Park Blvd,2884,2000,884,1994,890,0,0,41.802399,-87.586910,2884,6363061.4,2876
TA1305000009,Clark St & Ida B Wells Dr,2865,1935,930,1916,949,0,0,41.875971,-87.630619,2865,4697867.7,2857
KA1504000104,Paulina St & Flournoy St,2829,2402,427,1331,1498,0,0,41.873058,-87.669116,2829,6673646.2,2829
620,Orleans St & Chestnut St (NEXT Apts),2816,2014,802,1657,1159,0,0,41.898061,-87.637549,2816,4504644.5,2810
TA1309000064,Wolcott Ave & Polk St,2809,2418,391,1573,1236,0,0,41.871276,-87.673685,2809,6023100.5,2807
TA1305000017,Halsted St & Roosevelt Rd,2787,2140,647,1821,966,0,0,41.867339,-87.648627,2787,4040281.5,2784
13006,LaSalle St & Washington St,2775,2000,775,1476,1299,0,0,41.882613,-87.632472,2775,4963419.9,2772
chargingstx5,Lincoln Ave & Roscoe St*,2769,1982,787,1469,1300,0,0,41.943343,-87.670699,2769,6664657.6,2769
TA1307000001,Greenview Ave & Fullerton Ave,2724,1996,728,1487,1237,0,0,41.925351,-87.665813,2724,5650032.3,2723
TA1309000043,Southport Ave & Irving Park Rd,2694,1854,840,1497,1197,0,0,41.954166,-87.664337,2694,5146155.8,2689
13289,Eckhart Park,2683,1816,867,1538,1145,0,0,41.896416,-87.661045,2683,6015375.4,2681
13053,Green St & Washington Blvd,2640,1681,959,1504,1136,0,0,41.883186,-87.648735,2640,5267804.4,2638
PI00002,Streeter Dr/Grand Ave,2639,834,1805,1863,776,0,0,41.892393,-87.612393,2639,6576658.2,2630
22003,University Ave & 59th St,2636,2083,553,2032,604,0,0,41.787876,-87.598922,2636,2916290.2,2636
TA1309000006,Larrabee St & Armitage Ave,2623,1639,984,1576,1047,0,0,41.918084,-87.643762,2623,5541942.2,2620
13409,Sangamon St & Washington Blvd,2596,1754,842,1479,1117,0,0,41.883125,-87.651101,2596,4943141.0,2595
KA1504000151,Clark St & Bryn Mawr Ave,2594,1864,730,1129,1465,0,0,41.983590,-87.669157,2594,6768999.6,2592
13353,Ada St & Washington Blvd,2590,1791,799,1574,1016,0,0,41.882829,-87.661202,2590,5158202.4,2588
18003,Fairbanks St & Superior St,2584,1836,748,1568,1016,0,0,41.895765,-87.620144,2584,5767100.8,2580
22001,Wells St & Institute Pl,2574,1683,891,1731,843,0,0,41.897406,-87.634429,2574,4164794.9,2570
13139,Throop St & Taylor St,2568,2048,520,1644,924,0,0,41.868939,-87.659136,2568,3624433.5,2565
637,Wood St & Chicago Ave,2553,1901,652,1268,1285,0,0,41.895630,-87.672096,2553,5842774.1,2552
13215,Rhodes Ave & 32nd St,2535,2332,203,1503,1032,0,0,41.836271,-87.613528,2535,3949522.3,2532
TA1307000070,Damen Ave & Thomas St (Augusta Blvd),2521,1669,852,1417,1104,0,0,41.901338,-87.677457,2521,5821372.0,2519
13224,Ashland Ave & Blackhawk St,2513,1723,790,1263,1250,0,0,41.907065,-87.667250,2513,6123537.7,2512
TA1306000025,Racine Ave & Congress Pkwy,2502,2059,443,1609,893,0,0,41.874641,-87.657040,2502,3507842.3,2501
639,Lakefront Trail & Wilson Ave,2497,1105,1392,1683,814,0,0,41.965684,-87.644389,2497,8045439.1,2490
13290,Noble St & Milwaukee Ave,2489,1760,729,1313,1176,0,0,41.900699,-87.662591,2489,6102928.3,2482
13108,Broadway & Argyle St,2489,1755,734,1450,1039,0,0,41.973954,-87.659740,2489,6072291.6,2485
18067,Walsh Park,2458,1540,918,1414,1044,0,0,41.914593,-87.667967,2458,5030495.5,2457
KA1503000022,Clark St & Montrose Ave,2454,1622,832,1230,1224,0,0,41.961579,-87.666078,2454,5923962.4,2453
TA1305000037,Paulina Ave & North Ave,2427,1683,744,1229,1198,0,0,41.909965,-87.669965,2427,5744530.8,2425
13109,Broadway & Berwyn Ave,2425,1705,720,1358,1067,0,0,41.978365,-87.659781,2425,5604335.7,2421
KA1503000059,Lake Park Ave & 53rd St,2424,1641,783,1745,679,0,0,41.799520,-87.586474,2424,5313403.0,2415
TA1307000140,Western Ave & Leland Ave,2392,1721,671,1172,1220,0,0,41.966408,-87.688707,2392,5860539.7,2389
TA1309000059,Racine Ave & Wrightwood Ave,2378,1655,723,1324,1054,0,0,41.928896,-87.658977,2378,4995390.4,2375
13197,Elizabeth St & Fulton St,2376,1679,697,1003,1373,0,0,41.886791,-87.659177,2376,4960015.3,2375
TA1305000010,Michigan Ave & Ida B Wells Dr,2365,966,1399,1638,727,0,0,41.876109,-87.624333,2365,4129465.6,2351
13319,Ashland Ave & Grace St,2351,1579,772,1186,1165,0,0,41.950689,-87.668695,2351,5495712.8,2350
604,Sheridan Rd & Noyes St (NU),2340,1256,1084,1490,850,0,0,42.057789,-87.677378,2340,2912771.0,2333
KA1706005007,Delano Ct & Roosevelt Rd,2339,1342,997,1413,926,0,0,41.867488,-87.632191,2339,4524335.4,2331
13037,Clinton St & Tilden St,2330,1679,651,1371,959,0,0,41.875880,-87.640777,2330,4112931.9,2327
13059,Sheridan Rd & Argyle St,2328,1540,788,1195,1133,0,0,41.973284,-87.654744,2328,6217782.6,2322
KA1504000171,Marine Dr & Ainslie St,2322,1400,922,1341,981,0,0,41.971603,-87.650156,2322,6461123.3,2318
15571,Broadway & Granville Ave,2317,1474,843,1264,1053,0,0,41.994776,-87.660285,2317,7325666.0,2309
TA1306000008,Larrabee St & North Ave,2305,1633,672,1349,956,0,0,41.910194,-87.643491,2305,4700244.2,2304
TA1307000119,Clarendon Ave & Leland Ave,2258,1525,733,1199,1059,0,0,41.967949,-87.650015,2258,5668803.1,2254
20246.0,N Green St & W Lake St,2246,1488,758,0,2246,0,0,41.885583,-87.648453,2246,5057050.6,2246
WL-008,Clinton St & Roosevelt Rd,2221,1420,801,1266,955,0,0,41.867133,-87.641092,2221,3981178.0,2218
13269,Ashland Ave & Wellington Ave,2191,1639,552,1130,1061,0,0,41.936083,-87.669831,2191,4802132.1,2187
13248,Ashland Ave & Augusta Blvd,2187,1721,466,1103,1084,0,0,41.899647,-87.667992,2187,5714954.6,2185
TA1309000030,Southport Ave & Clybourn Ave,2183,1432,751,1075,1108,0,0,41.921281,-87.665462,2183,5691876.5,2181
596,Benson Ave & Church St,2159,1228,931,1192,967,0,0,42.048053,-87.683448,2159,4584339.2,2154
13247,Ashland Ave & Chicago Ave,2152,1551,601,1188,964,0,0,41.895957,-87.667734,2152,4750974.0,2151
TA1306000006,Orleans St & Elm St,2148,1494,654,1322,826,0,0,41.902922,-87.637720,2148,4057344.7,2145
TA1307000158,Damen Ave & Leland Ave,2145,1497,648,1137,1008,0,0,41.967011,-87.678928,2145,4846743.6,2145
TA1309000041,Sheridan Rd & Lawrence Ave,2141,1450,691,1233,908,0,0,41.969513,-87.654696,2141,4513204.6,2139
15575,Broadway & Thorndale Ave,2138,1400,738,1211,927,0,0,41.989746,-87.660141,2138,5977385.0,2134
E008,Chicago Ave & Sheridan Rd,2111,1161,950,1390,721,0,0,42.050489,-87.677820,2111,3031633.2,2103
13164,Racine Ave & 18th St,2109,1453,656,1116,993,0,0,41.858340,-87.656441,2109,4754291.4,2108
TA1308000021,Winthrop Ave & Lawrence Ave,2109,1412,697,1104,1005,0,0,41.968823,-87.657656,2109,5382551.1,2106
13124,Cannon Dr & Fullerton Ave,2108,836,1272,1546,562,0,0,41.926755,-87.634433,2108,5267624.4,2105
13080,Hermitage Ave & Polk St,2075,1761,314,1273,802,0,0,41.871512,-87.669885,2075,4237839.0,2074
15550,Canal St & Taylor St,2062,1294,768,1299,763,0,0,41.870236,-87.639478,2062,3088388.5,2060
KA1503000074,Museum of Science and Industry,2046,698,1348,1512,534,0,0,41.791732,-87.583948,2046,9062614.2,2037
KA1504000103,Western Ave & Walton St,2046,1371,675,942,1104,0,0,41.898419,-87.686580,2046,5416921.1,2045
13206,Loomis St & Jackson Blvd,2044,1532,512,1316,728,0,0,41.877939,-87.662006,2044,3805113.0,2038
TA1307000156,Lincoln Ave & Sunnyside Ave,2040,1318,722,1041,999,0,0,41.963004,-87.684792,2040,5273391.7,2038
KA1503000052,Ellis Ave & 53rd St,2024,1514,510,1534,490,0,0,41.799341,-87.600964,2024,2419925.4,2022
657,Wood St & Augusta Blvd,2013,1468,545,985,1028,0,0,41.899187,-87.672193,2013,5113470.2,2013
13285,Wood St & Taylor St (Temp),2007,1783,224,1159,848,0,0,41.869282,-87.673733,2007,4415230.0,2007
TA1309000029,Leavitt St & Armitage Ave,2001,1403,598,939,1062,0,0,41.917834,-87.682453,2001,4320941.6,1998
13144,Seeley Ave & Roscoe St,1995,1375,620,842,1153,0,0,41.943394,-87.679638,1995,5545268.0,1995
13073,Ashland Ave & Lake St,1994,1251,743,1182,812,0,0,41.885923,-87.667172,1994,3930843.6,1992
624,Dearborn St & Van Buren St,1985,1106,879,1428,557,0,0,41.876280,-87.629184,1985,3385670.6,1983
13257,Campbell Ave & North Ave,1980,1359,621,970,1010,0,0,41.910537,-87.689558,1980,4905859.5,1977
TA1307000149,Ravenswood Ave & Irving Park Rd,1978,1444,534,973,1005,0,0,41.954670,-87.673921,1978,4884280.3,1976
13294,Greenview Ave & Diversey Pkwy,1955,1316,639,1132,823,0,0,41.932601,-87.665945,1955,4333503.1,1953
SL-009,Clark St & 9th St (AMLI),1910,1222,688,1077,833,0,0,41.870825,-87.631235,1910,3242550.0,1907
13288,Damen Ave & Charleston St,1892,1218,674,833,1059,0,0,41.920072,-87.677883,1892,4261899.2,1891
13398,Blackstone Ave & Hyde Park Blvd,1891,1337,554,1349,542,0,0,41.802566,-87.590359,1891,3601433.5,1890
13296,Ashland Ave & Wrightwood Ave,1877,1357,520,1037,840,0,0,41.928830,-87.668520,1877,4297067.6,1876
15655,Albany Ave & Bloomingdale Ave,1869,1206,663,936,933,0,0,41.913998,-87.705113,1869,4480545.8,1867
TA1309000021,Paulina St & Montrose Ave,1865,1428,437,1042,823,0,0,41.961510,-87.671402,1865,4267406.9,1863
chargingstx2,Wilton Ave & Diversey Pkwy*,1862,1246,616,1205,657,0,0,41.932419,-87.652706,1862,3429421.3,1861
13163,Morgan St & 18th St,1859,1225,634,962,897,0,0,41.858078,-87.651086,1859,3850548.1,1852
TA1306000007,Larrabee St & Menomonee St,1853,1435,418,1234,619,0,0,41.914686,-87.643325,1853,4010167.1,1852
22005,Drexel Ave & 60th St,1841,1347,494,1333,508,0,0,41.785846,-87.604570,1841,2322128.1,1838
17660,California Ave & Cortez St,1837,1184,653,673,1164,0,0,41.900384,-87.696700,1837,5035828.9,1837
KA1503000034,LaSalle St & Adams St,1836,1183,653,1099,737,0,0,41.879380,-87.631965,1836,3576927.8,1832
15546,Calumet Ave & 21st St,1833,768,1065,1173,660,0,0,41.854168,-87.619150,1833,4660355.3,1827
TA1307000144,Wolcott (Ravenswood) Ave & Montrose Ave,1820,1215,605,885,935,0,0,41.961417,-87.676186,1820,4193754.1,1817
chargingstx07,Wentworth Ave & Cermak Rd*,1807,891,916,1066,741,0,0,41.853204,-87.631869,1807,4116536.6,1804
TA1308000006,Damen Ave & Grand Ave,1771,1148,623,877,894,0,0,41.892406,-87.676879,1771,4474998.9,1769
654,Racine Ave & Washington Blvd,1770,1317,453,1093,677,0,0,41.882835,-87.656969,1770,3102104.3,1768
13135,Blue Island Ave & 18th St,1760,1254,506,987,773,0,0,41.857535,-87.661550,1760,3799678.0,1756
15650,Spaulding Ave & Armitage Ave,1752,1179,573,754,998,0,0,41.917109,-87.710235,1752,4734785.3,1751
15664,Artesian Ave & Hubbard St,1747,1327,420,786,961,0,0,41.889503,-87.688235,1747,3941432.4,1745
13241,Western Ave & Division St,1732,1118,614,880,852,0,0,41.902899,-87.687301,1732,4234740.8,1729
15578,Broadway & Ridge Ave,1727,1218,509,924,803,0,0,41.984003,-87.660338,1727,5274855.3,1723
TA1309000026,Lincoln Ave & Belle Plaine Ave,1702,1163,539,922,780,0,0,41.955996,-87.680198,1702,4516235.5,1700
TA1308000031,Logan Blvd & Elston Ave,1675,1217,458,733,942,0,0,41.929443,-87.684163,1675,4134040.5,1674
TA1309000055,Emerald Ave & 31st St,1662,1351,311,1020,642,0,0,41.838202,-87.645137,1662,3287925.0,1661
chargingstx06,Fort Dearborn Dr & 31st St*,1655,898,757,1283,372,0,0,41.838660,-87.608778,1655,4625367.5,1651
13434,Ashland Ave & Grand Ave,1648,1125,523,838,810,0,0,41.891075,-87.666647,1648,3814069.9,1645
15651,Humboldt Blvd & Armitage Ave,1648,984,664,858,790,0,0,41.917495,-87.701779,1648,4278191.2,1647
13266,Stave St & Armitage Ave,1641,1077,564,685,956,0,0,41.917735,-87.691420,1641,4380275.1,1640
13268,Damen Ave & Wellington Ave,1625,1082,543,743,882,0,0,41.935883,-87.678429,1625,4279635.7,1622
TA1307000143,Sedgwick St & Schiller St,1623,1086,537,1074,549,0,0,41.907626,-87.638552,1623,3250039.0,1618
TA1308000005,Leavitt St & North Ave,1610,1160,450,835,775,0,0,41.910350,-87.682323,1610,3739396.5,1609
TA1307000129,State St & 35th St,1597,1355,242,911,686,0,0,41.831051,-87.626868,1597,2674425.6,1597
18058,Leavitt St & Chicago Ave,1574,1065,509,743,831,0,0,41.895493,-87.682000,1574,4073513.8,1570
13259,California Ave & Francis Pl,1565,971,594,738,827,0,0,41.918523,-87.697427,1565,3974534.1,1563
13099,Halsted St & 18th St,1552,1003,549,788,764,0,0,41.857517,-87.646006,1552,3935353.6,1549
23002,Lincoln Ave & Byron St,1539,1008,531,758,781,0,0,41.952374,-87.677281,1539,4272930.7,1538
RP-009,Sheridan Rd & Loyola Ave,1537,884,653,772,765,0,0,42.001064,-87.661214,1537,4408805.3,1535
TA1307000115,Clybourn Ave & Division St,1511,1161,350,976,535,0,0,41.904603,-87.640565,1511,2543199.3,1507
KA1503000038,Shields Ave & 31st St,1503,1322,181,792,711,0,0,41.838463,-87.635489,1503,2158774.8,1503
13075,Wentworth Ave & Cermak Rd,1502,593,909,922,580,0,0,41.853091,-87.631917,1502,3168420.6,1496
13292,Kedzie Ave & Palmer Ct,1501,980,521,892,609,0,0,41.921534,-87.707313,1501,3710835.0,1499
13271,Damen Ave & Clybourn Ave,1469,1063,406,731,738,0,0,41.931921,-87.677840,1469,4151987.6,1469
TA1306000002,Morgan Ave & 14th Pl,1464,1090,374,771,693,0,0,41.862387,-87.651079,1464,2837619.4,1464
KA17018068,Leavitt St & Belmont Ave,1459,803,656,653,806,0,0,41.939345,-87.683268,1459,4330031.2,1459
13432,Wood St & Hubbard St,1411,991,420,835,576,0,0,41.889876,-87.671508,1411,3269543.7,1409
13253,Lincoln Ave & Waveland Ave,1408,1055,353,779,629,0,0,41.948797,-87.675273,1408,3557214.6,1408
TA1309000018,Ravenswood Ave & Berteau Ave,1401,1024,377,800,601,0,0,41.957919,-87.673569,1401,2943553.9,1401
644,Western Ave & Fillmore St,1391,1198,193,545,846,0,0,41.868497,-87.686165,1391,3190615.3,1391
TA1307000159,Paulina St & 18th St,1387,905,482,758,629,0,0,41.857902,-87.668717,1387,2882774.3,1383
TA1308000036,Indiana Ave & 31st St,1379,1153,226,979,400,0,0,41.838810,-87.621940,1379,2119672.4,1377
KA1504000162,Clark St & Lunt Ave,1368,867,501,624,744,0,0,42.009022,-87.674147,1368,2544273.9,1366
658,Leavitt St & Division St,1346,920,426,703,643,0,0,41.902999,-87.683804,1346,3083401.3,1344
13258,California Ave & North Ave,1335,927,408,669,666,0,0,41.910040,-87.697162,1335,2970258.2,1335
KA1504000149,Damen Ave & Foster Ave,1333,848,485,549,784,0,0,41.975564,-87.679907,1333,3428626.8,1332
20.0,Damen Ave & Wabansia Ave,1324,888,436,0,1324,0,0,41.912305,-87.677302,1324,3496640.4,1324
13143,Damen Ave & Melrose Ave,1317,862,455,674,643,0,0,41.940583,-87.678513,1317,3410728.4,1314
TA1308000046,Morgan St & 31st St,1312,1016,296,613,699,0,0,41.837794,-87.651144,1312,3485624.2,1311
TA1309000012,Damen Ave & Sunnyside Ave,1291,814,477,789,502,0,0,41.963251,-87.679274,1291,3574958.2,1289
20254.0,W Armitage Ave & N Sheffield Ave,1291,841,450,0,1291,0,0,41.917840,-87.653420,1291,2478202.3,1291
TA1305000001,Wabash Ave & Cermak Rd,1278,683,595,814,464,0,0,41.852618,-87.626507,1278,2707761.3,1272
KA1504000175,Glenwood Ave & Morse Ave,1274,901,373,682,592,0,0,42.007971,-87.665489,1274,3484140.5,1271
TA1309000050,Lincoln Ave & Addison St,1262,825,437,726,536,0,0,41.946180,-87.673305,1262,3338268.3,1260
428,Milwaukee Ave & Fullerton Ave,1259,681,578,0,1259,0,0,41.924695,-87.700574,1259,3352524.3,1259
TA1309000015,Leavitt St & Lawrence Ave,1253,813,440,708,545,0,0,41.968888,-87.684022,1253,3019001.4,1251
13081,Ogden Ave & Congress Pkwy,1246,996,250,573,673,0,0,41.875019,-87.673266,1246,3237062.2,1244
15646,California Ave & Altgeld St,1244,918,326,638,606,0,0,41.926683,-87.697686,1244,3583374.7,1242
TA1307000005,Indiana Ave & 26th St,1240,885,355,668,572,0,0,41.845692,-87.622493,1240,2806031.3,1237
13155,Racine Ave & Randolph St,1235,875,360,738,497,0,0,41.884126,-87.655986,1235,2395192.8,1233
13242,Milwaukee Ave & Rockwell St,1231,724,507,631,600,0,0,41.920211,-87.692663,1231,3372935.1,1230
TA1309000032,Elston Ave & Wabansia Ave,1200,735,465,617,583,0,0,41.912921,-87.664172,1200,3033584.6,1199
KA1504000148,Clark St & Elmdale Ave,1198,813,385,610,588,0,0,41.990856,-87.669711,1198,3003694.4,1197
13326,Canal St & Harrison St,1190,793,397,803,387,0,0,41.874252,-87.639575,1190,1863362.1,1185
TA1308000047,Southport Ave & Clark St,1137,684,453,626,511,0,0,41.957088,-87.664201,1137,2464005.0,1136
15623,Campbell Ave & Montrose Ave,1122,766,356,593,529,0,0,41.961535,-87.691180,1122,2573633.0,1119
TA1307000044,Clinton St & 18th St,1117,659,458,643,474,0,0,41.857942,-87.640829,1117,2536936.9,1114
KA1503000004,Lake Park Ave & 35th St,1103,656,447,738,365,0,0,41.831271,-87.608800,1103,2815154.5,1098
13249,Ashland Ave & Belle Plaine Ave,1100,643,457,532,568,0,0,41.956072,-87.668844,1100,2399318.2,1099
TA1307000048,Fort Dearborn Dr & 31st St,1100,551,549,816,284,0,0,41.838487,-87.608211,1100,3140186.5,1094
KA17018054,Damen Ave & Walnut (Lake) St,1090,694,396,544,546,0,0,41.885495,-87.676931,1090,3022332.9,1090
13256,California Ave & Division St,1089,704,385,478,611,0,0,41.903030,-87.697488,1089,3087995.9,1086
15622,California Ave & Montrose Ave,1086,702,384,659,427,0,0,41.961075,-87.695442,1086,2514721.0,1086
660,Sheridan Rd & Columbia Ave,1077,766,311,518,559,0,0,42.004332,-87.661385,1077,3014758.0,1077
KA1504000090,St. Louis Ave & Fullerton Ave,1075,708,367,573,502,0,0,41.924822,-87.714499,1075,3026003.6,1071
15445,Wentworth Ave & 33rd St,1066,859,207,623,443,0,0,41.834533,-87.631827,1066,1667611.7,1063
520,Greenview Ave & Jarvis Ave,1054,714,340,565,489,0,0,42.010941,-87.671317,1054,2214287.1,1050
KA1504000093,Rockwell St & Eastwood Ave,1039,721,318,555,484,0,0,41.965889,-87.693650,1039,2654866.0,1037
410,Campbell Ave & Augusta Blvd,1038,649,389,0,1038,0,0,41.899544,-87.689473,1038,2681267.0,1038
15632,Talman Ave & Addison St,1035,668,367,422,613,0,0,41.946640,-87.694621,1035,3215727.3,1035
13304,Racine Ave & 15th St,1026,729,297,537,489,0,0,41.861259,-87.656592,1026,2011487.6,1025
KA1503000070,Harper Ave & 59th St,1014,770,244,791,223,0,0,41.787943,-87.588329,1014,1448270.4,1012
13245,Claremont Ave & Hirsch St,1005,646,359,508,497,0,0,41.907862,-87.685847,1005,2195687.5,1005
13354,Ashland Ave & 13th St,1002,865,137,549,453,0,0,41.865242,-87.666505,1002,1911928.1,1001
13134,Damen Ave & Madison St,993,596,397,521,472,0,0,41.881382,-87.674928,993,2691445.5,992
KA1504000140,Winchester Ave & Elston Ave,972,733,239,472,500,0,0,41.924084,-87.676452,972,2582066.6,972
15443,Shields Ave & 28th Pl,972,820,152,460,512,0,0,41.842751,-87.635493,972,1858176.2,971
KA1504000156,Clark St & Schreiber Ave,958,620,338,485,473,0,0,41.999245,-87.671289,958,2741883.8,956
15624,Avondale Ave & Irving Park Rd,953,665,288,369,584,0,0,41.953398,-87.731991,953,2548857.6,951
TA1308000013,Halsted St & Archer Ave,938,649,289,416,522,0,0,41.847197,-87.646815,938,1691318.2,936
13345,Calumet Ave & 35th St,937,748,189,541,396,0,0,41.831349,-87.618310,937,1429672.0,928
13331,May St & Cullerton St,935,658,277,455,480,0,0,41.855174,-87.654105,935,2055904.8,935
15668,Western Ave & Congress Pkwy,934,724,210,427,507,0,0,41.874709,-87.686411,934,2120744.4,934
SL-013,State St & 19th St,931,612,319,626,305,0,0,41.856591,-87.627544,931,2074868.8,929
13089,Damen Ave & Cullerton St,929,626,303,414,515,0,0,41.854970,-87.675683,929,2680904.3,929
TA1308000002,Greenwood Ave & 47th St,927,744,183,487,440,0,0,41.809819,-87.599506,927,2204738.8,925
13307,Laflin St & Cullerton St,922,572,350,516,406,0,0,41.854901,-87.663592,922,2170153.6,921
15648,Campbell Ave & Fullerton Ave,922,551,371,413,509,0,0,41.924640,-87.689313,922,2629083.5,922
20251.0,N Carpenter St & W Lake St,908,649,259,0,908,0,0,41.885617,-87.653137,908,1932079.9,908
TA1307000138,Wood St & Webster Ave,906,609,297,504,402,0,0,41.921053,-87.672808,906,2156060.1,906
15644,Central Park Ave & Elbridge Ave,904,602,302,342,562,0,0,41.935344,-87.716877,904,2703623.2,903
15628,California Ave & Byron St,887,609,278,425,462,0,0,41.952162,-87.698055,887,2261997.6,885
KA1504000158,Oakley Ave & Irving Park Rd,878,648,230,538,340,0,0,41.954334,-87.686081,878,2523309.1,876
E002,Chicago Ave & Washington St,871,465,406,402,469,0,0,42.032562,-87.679123,871,2286827.8,867
605,University Library (NU),870,463,407,482,388,0,0,42.052941,-87.673428,870,1336068.1,867
15645,Richmond St & Diversey Ave,868,514,354,448,420,0,0,41.931908,-87.701212,868,2720914.5,868
KA150400009X,Kimball Ave & Belmont Ave,861,533,328,380,481,0,0,41.939395,-87.712085,861,2172124.7,860
15634,Western Ave & Roscoe St,852,573,279,463,389,0,0,41.943040,-87.687290,852,2320343.7,852
13162,Halsted St & 21st St,847,555,292,460,387,0,0,41.853785,-87.646596,847,2151099.1,844
TA1308000043,Halsted St & 35th St,845,580,265,466,379,0,0,41.830630,-87.647087,845,1961580.3,842
655,Hoyne Ave & Balmoral Ave,843,561,282,302,541,0,0,41.979593,-87.681898,843,1917274.7,843
KA1504000159,Sheridan Rd & Greenleaf Ave,833,589,244,577,256,0,0,42.010588,-87.662414,833,2584906.8,832
KA1504000126,Kedzie Ave & Leland Ave,826,599,227,395,431,0,0,41.966688,-87.708066,826,2252234.9,825
PI00003,Leavitt St/North Ave,824,591,233,404,420,0,0,41.910078,-87.682317,824,1911077.8,823
RP-008,Clark St & Columbia Ave,823,573,250,459,364,0,0,42.004451,-87.672401,823,1736151.6,819
525,Glenwood Ave & Touhy Ave,823,515,308,388,435,0,0,42.012551,-87.666096,823,1994748.4,822
TA1307000153,Emerald Ave & 28th St,822,643,179,614,208,0,0,41.843580,-87.645377,822,1996791.4,821
15640,Avers Ave & Belmont Ave,815,488,327,242,573,0,0,41.939408,-87.723574,815,2591752.5,813
KA1504000143,Leavitt St & Addison St,810,499,311,368,442,0,0,41.946640,-87.683366,810,2061682.4,810
KA1504000080,Washtenaw Ave & Lawrence Ave,793,538,255,411,382,0,0,41.968804,-87.696230,793,1839510.0,793
20247.0,W Washington Blvd & N Peoria St,793,561,232,0,793,0,0,41.883128,-87.649962,793,1572075.3,793
15642,California Ave & Fletcher St,791,471,320,476,315,0,0,41.938431,-87.698008,791,2135907.4,788
KA1504000139,Monticello Ave & Irving Park Rd,790,596,194,246,544,0,0,41.954001,-87.719105,790,2532227.9,790
15643,Kosciuszko Park,756,467,289,297,459,0,0,41.930573,-87.723788,756,2350872.2,756
TA1308000035,Lake Park Ave & 47th St,755,425,330,503,252,0,0,41.809440,-87.591875,755,2149967.4,754
515,Paulina St & Howard St,743,385,358,400,343,0,0,42.018992,-87.673669,743,1677811.0,740
KA1503000005,Wentworth Ave & 35th St,735,422,313,431,304,0,0,41.830781,-87.632502,735,1561898.4,732
15631,Troy St & Elston Ave,735,571,164,332,403,0,0,41.945237,-87.706652,735,2114561.1,735
643,Smith Park,730,516,214,369,361,0,0,41.891611,-87.689279,730,2220168.4,730
KA1504000160,Francisco Ave & Foster Ave,726,505,221,367,359,0,0,41.975641,-87.701419,726,1852589.4,724
TA1308000045,Wallace St & 35th St,710,539,171,474,236,0,0,41.830698,-87.641261,710,1523446.3,710
15621,Albany Ave & Montrose Ave,704,475,229,357,347,0,0,41.961040,-87.705857,704,2192072.1,704
KA1504000147,Winchester (Ravenswood) Ave & Balmoral Ave,699,404,295,296,403,0,0,41.979769,-87.677546,699,2049603.6,699
TA1308000026,Wentworth Ave & 24th St,696,363,333,452,244,0,0,41.850078,-87.632148,696,1594063.9,691
631,Malcolm X College,696,466,230,412,284,0,0,41.876909,-87.673424,696,1927882.4,690
KA1504000117,Halsted St & North Branch St,693,491,202,462,231,0,0,41.899384,-87.648533,693,1580665.6,693
SL-006,Wells St & 19th St,686,202,484,498,188,0,0,41.856801,-87.633874,686,925071.8,685
18069,Cherry Ave & Blackhawk St,677,467,210,410,267,0,0,41.907224,-87.655628,677,1242638.6,677
KA1504000101,Ogden Ave & Roosevelt Rd,668,549,119,261,407,0,0,41.866506,-87.684652,668,1781245.5,668
18017,Central Park Ave & Bloomingdale Ave,666,347,319,371,295,0,0,41.914162,-87.716764,666,2100187.5,665
KA1504000078,Lincoln Ave & Winona St,661,456,205,323,338,0,0,41.974911,-87.692545,661,1868390.9,659
15653,Troy St & North Ave,659,415,244,378,281,0,0,41.909782,-87.705298,659,1677418.6,658
20253.0,N Paulina St & Lincoln Ave,653,444,209,0,653,0,0,41.943824,-87.671523,653,1556794.0,653
20257.0,N Southport Ave & W Newport Ave,645,399,246,0,645,0,0,41.944007,-87.663987,645,1383148.4,645
435,Rockwell St & Fletcher St,640,357,283,0,640,0,0,41.938744,-87.692974,640,1907590.1,640
KA1504000142,Drake Ave & Addison St,613,398,215,250,363,0,0,41.947343,-87.717586,613,1379721.6,613
661,Evanston Civic Center,592,274,318,294,298,0,0,42.051356,-87.685090,592,790963.8,591
15615,Christiana Ave & Lawrence Ave,574,351,223,249,325,0,0,41.968358,-87.711830,574,1558932.4,571
KA1503000065,Woodlawn Ave & Lake Park Ave,573,343,230,397,176,0,0,41.814091,-87.597006,573,1440302.0,565
202480.0,Hampden Ct & Diversey Ave,571,392,179,0,571,0,0,41.932435,-87.642604,571,1258383.0,571
KA1504000127,Manor Ave & Leland Ave,541,379,162,242,299,0,0,41.965877,-87.700823,541,1388474.5,540
15667,Western Ave & Monroe St,531,392,139,263,268,0,0,41.881133,-87.686510,531,1327228.2,530
472,Elston Ave & George St,526,324,202,0,526,0,0,41.934002,-87.690836,526,1785083.0,526
RP-005,Western Ave & Lunt Ave,524,406,118,242,282,0,0,42.008597,-87.690481,524,1292448.5,523
523,Eastlake Ter & Howard St,521,355,166,300,221,0,0,42.018610,-87.664540,521,1330721.1,521
15654,Spaulding Ave & Division St,519,343,176,137,382,0,0,41.902711,-87.709229,519,1636384.6,518
13420,MLK Jr Dr & Pershing Rd,517,327,190,258,259,0,0,41.824588,-87.616782,517,1127324.6,515
429,Francisco Ave & Bloomingdale Ave,512,267,245,0,512,0,0,41.913966,-87.699391,512,1091941.0,512
411,Francisco Ave & Chicago Ave,499,299,200,0,499,0,0,41.895742,-87.698635,499,1350498.3,499
13091,Western Ave & 21st St,491,318,173,201,290,0,0,41.853989,-87.685632,491,1236332.5,489
TA1308000014,Normal Ave & Archer Ave,486,365,121,262,224,0,0,41.849526,-87.640589,486,1127199.6,484
517,Public Rack - Pulaski Rd & Armitage Ave,485,357,128,296,189,0,0,42.007812,-87.679301,485,1258324.4,484
15446,Racine Ave & 35th St,471,335,136,245,226,0,0,41.830675,-87.656206,471,1216172.1,471
20255.0,N Damen Ave & W Chicago Ave,469,346,123,0,469,0,0,41.895833,-87.678234,469,1039016.4,469
KA1503000069,Dorchester Ave & 49th St,468,359,109,340,128,0,0,41.805777,-87.592463,468,1132453.5,467
E006,Central St Metra,464,234,230,236,228,0,0,42.063643,-87.698724,464,1063966.3,462
KA1503000040,Loomis St & Archer Ave,460,295,165,237,223,0,0,41.841634,-87.657447,460,1121574.5,460
15491,63rd St Beach,459,152,307,367,92,0,0,41.780914,-87.576322,459,1291334.8,454
16010,Keystone Ave & Fullerton Ave,454,285,169,214,240,0,0,41.924582,-87.727863,454,1426689.8,453
20252.0,W Oakdale Ave & N Broadway,452,303,149,0,452,0,0,41.935591,-87.644055,452,945634.5,452
18016,Bernard St & Elston Ave,450,310,140,207,243,0,0,41.949927,-87.713958,450,1406381.9,449
TA1307000160,Prairie Ave & Garfield Blvd,434,262,172,285,149,0,0,41.794851,-87.618705,434,742505.9,431
15542,Clinton St & Polk St,432,205,227,311,121,0,0,41.871464,-87.640951,432,645967.7,432
KA1504000097,Drake Ave & Montrose Ave,428,218,210,225,203,0,0,41.961154,-87.716575,428,1234776.8,426
13165,Racine Ave & 13th St,424,304,120,283,141,0,0,41.865052,-87.656965,424,664988.9,422
436,Kedzie Ave & George St,422,243,179,0,422,0,0,41.933892,-87.707252,422,1113102.0,422
15442,Ashland Ave & Archer Ave,421,286,135,276,145,0,0,41.839194,-87.665613,421,750162.0,415
KA1503000029,South Shore Dr & 67th St,413,230,183,308,105,0,0,41.773864,-87.567641,413,1787780.2,411
KA1504000096,Sawyer Ave & Irving Park Rd,410,279,131,136,274,0,0,41.953599,-87.709299,410,1215715.1,409
KA1504000164,Keystone Ave & Montrose Ave,404,261,143,164,240,0,0,41.961103,-87.728984,404,1123766.3,403
431,Western Ave & Grace St,390,223,167,0,390,0,0,41.950381,-87.688139,390,1046602.1,390
KA1503000054,Cottage Grove Ave & 63rd St,389,258,131,222,167,0,0,41.780558,-87.606016,389,703422.9,387
KA1503000046,Dorchester Ave & 63rd St,387,273,114,248,139,0,0,41.780409,-87.591409,387,758482.2,385
20260.0,Ping Tom Park (East),386,225,161,0,386,0,0,41.858069,-87.631968,386,753536.3,386
20256.0,N Sheffield Ave & W Wellington Ave,382,256,126,0,382,0,0,41.936287,-87.653724,382,769448.1,382
430,Troy St & Grace St,380,223,157,0,380,0,0,41.950246,-87.706376,380,1076414.4,380
592,Knox Ave & Montrose Ave,376,223,153,147,229,0,0,41.959905,-87.745070,376,1180838.8,375
438,Western Ave & Berteau Ave,375,274,101,0,375,0,0,41.957743,-87.688306,375,1069112.6,375
KA1503000002,South Shore Dr & 71st St,373,206,167,230,143,0,0,41.766671,-87.565858,373,1867405.9,373
23101,McCormick Blvd & Devon Ave,373,231,142,213,160,0,0,41.997134,-87.711215,373,964879.5,372
TA1308000038,Cottage Grove Ave & Oakwood Blvd,370,138,232,232,138,0,0,41.822983,-87.607099,370,821763.1,369
527,Western Ave & Howard St,368,262,106,202,166,0,0,42.018022,-87.690271,368,970820.6,366
445,Western Ave & Gunnison St,358,255,103,0,358,0,0,41.969663,-87.689555,358,1070776.2,358
KA1503000068,Leavitt St & Archer Ave,356,196,160,186,170,0,0,41.828897,-87.680510,356,730106.2,355
E007,Central St & Girard Ave,355,167,188,224,131,0,0,42.064312,-87.686149,355,753493.8,355
KA1504000128,Kedzie Ave & Foster Ave,349,193,156,189,160,0,0,41.975675,-87.709264,349,991072.3,348
TA1309000067,Cottage Grove Ave & 51st St,344,219,125,247,97,0,0,41.803033,-87.606617,344,672817.9,340
RP-001,Warren Park West,343,241,102,214,129,0,0,42.001791,-87.688830,343,810542.7,342
KA1504000129,Western Ave & Granville Ave,333,232,101,126,207,0,0,41.994164,-87.689443,333,907333.3,331
23108,Monticello Ave & Lawrence Ave,331,220,111,128,203,0,0,41.968061,-87.719443,331,1002098.0,331
KA1504000161,St. Louis Ave & Balmoral Ave,325,222,103,137,188,0,0,41.980281,-87.715892,325,1002460.9,325
RP-006,Ridge Blvd & Touhy Ave,315,206,109,193,122,0,0,42.012132,-87.682923,315,832066.4,314
23104,California Ave & Granville Ave,315,223,92,157,158,0,0,41.994090,-87.699396,315,758509.3,314
RP-007,Clark St & Touhy Ave,314,212,102,113,201,0,0,42.012565,-87.674327,314,908136.7,313
432,Sacramento Blvd & Addison St,314,170,144,0,314,0,0,41.946092,-87.702991,314,691719.0,314
600,Dodge Ave & Church St,314,146,168,168,146,0,0,42.048314,-87.698266,314,598990.2,313
444,N Shore Channel Trail & Argyle St,310,197,113,0,310,0,0,41.972195,-87.702787,310,774134.4,310
13213,State St & 29th St,305,214,91,161,144,0,0,41.842040,-87.627108,305,710929.2,305
514,Ridge Blvd & Howard St,301,212,89,134,167,0,0,42.016201,-87.685479,301,661115.2,298
15666,California Ave & Lake St,297,157,140,195,102,0,0,41.884458,-87.696303,297,843531.4,296
PI00001,Damen Ave/Coulter St,291,154,137,121,170,0,0,41.849200,-87.675641,291,1056030.3,290
590,Kilbourn Ave & Irving Park Rd,290,193,97,158,132,0,0,41.952796,-87.740269,290,790805.9,290
TA1309000053,Cottage Grove Ave & 47th St,287,222,65,201,86,0,0,41.809855,-87.606756,287,562019.0,287
599,Valli Produce - Evanston Plaza,284,159,125,139,145,0,0,42.036058,-87.697670,284,756720.4,284
21462,Lincoln Ave & Peterson Ave,278,193,85,178,100,0,0,41.990265,-87.708570,278,658707.2,278
855,Public Rack - Washtenaw Ave & Superior St,277,198,79,0,277,0,0,41.894751,-87.695095,277,896068.5,277
446,Francisco Ave & Montrose Ave,274,148,126,0,274,0,0,41.961028,-87.700895,274,772390.8,274
TA1308000023,Cottage Grove Ave & 43rd St,272,160,112,124,148,0,0,41.816495,-87.606594,272,680838.6,271
16806,Bosworth Ave & Howard St,265,190,75,158,107,0,0,42.019538,-87.669555,265,624331.7,264
KA1706005015,Kildare Ave & Montrose Ave,264,166,98,155,109,0,0,41.961034,-87.735584,264,837224.0,263
433,Elston Ave & Henderson St,263,127,136,0,263,0,0,41.941521,-87.700957,263,703223.3,263
KA1504000167,Kedzie Ave & Bryn Mawr Ave,263,179,84,176,87,0,0,41.982235,-87.708891,263,701219.3,263
598,Elmwood Ave & Austin St,262,113,149,96,166,0,0,42.025781,-87.684116,262,554906.3,261
443,California Ave & Winona St,259,190,69,0,259,0,0,41.974723,-87.697831,259,808354.7,259
KA1503000027,Prairie Ave & 43rd St,258,108,150,114,144,0,0,41.816659,-87.619413,258,664429.1,258
475,Whipple/Irving Park,256,142,114,0,256,0,0,41.954189,-87.704402,256,641885.2,256
RP-002,Warren Park East,254,167,87,157,97,0,0,42.004551,-87.680660,254,471831.9,254
499,Public Rack - Christiana Ave & Belmont Ave,254,149,105,0,254,0,0,41.939206,-87.711857,254,512378.2,254
KA1503000066,Wood St & 35th St,250,185,65,137,113,0,0,41.830113,-87.670308,250,659599.7,250
16991,Milwaukee Ave & Cuyler Ave,247,142,105,83,164,0,0,41.954464,-87.749591,247,582385.4,247
23190,Karlov Ave & Armitage Ave,245,143,102,133,112,0,0,41.917475,-87.728963,245,922396.3,245
767,Public Rack - Hyde Park Blvd & 53rd St,245,166,79,0,245,0,0,41.799563,-87.584262,245,694179.7,245
RP-004,Oakley Ave & Touhy Ave,243,143,100,120,123,0,0,42.012339,-87.688246,243,538226.5,243
TA1309000003,Western Ave & 24th St,242,157,85,96,146,0,0,41.848471,-87.685118,242,586388.3,240
21343,Pulaski Rd & 51st St,242,90,152,110,132,0,0,41.800434,-87.724754,242,457095.9,241
15470,Calumet Ave & 51st St,241,135,106,116,125,0,0,41.802291,-87.618056,241,431119.2,238
KA1503000075,DuSable Museum,240,157,83,187,53,0,0,41.791566,-87.607852,240,621494.9,240
23321,Kostner Ave & Wrightwood Ave,238,153,85,82,156,0,0,41.927956,-87.735961,238,834176.0,236
15652,Central Park Ave & North Ave,237,149,88,92,145,0,0,41.909659,-87.716642,237,698165.9,236
434,Albany Ave & Belmont Ave,237,113,124,0,237,0,0,41.939665,-87.705270,237,676840.9,237
20249.0,N Clark St & W Elm St,234,145,89,0,234,0,0,41.902819,-87.631430,234,421825.5,234
TA1308000007,MLK Jr Dr & 47th St,225,144,81,132,93,0,0,41.809849,-87.616284,225,502735.4,224
KA1504000106,Kedzie Ave & Lake St,223,150,73,67,156,0,0,41.884653,-87.706319,223,603068.1,222
21382,Kedzie Ave & 48th Pl,223,75,148,94,129,0,0,41.804763,-87.704190,223,400788.5,222
15685,Central Park Ave & Ogden Ave,217,105,112,95,122,0,0,41.854009,-87.715117,217,429450.9,215
398,Long & Irving Park,216,110,106,0,216,0,0,41.953022,-87.762157,216,489338.6,216
425,Rockwell St & Cermak Rd,215,159,56,0,215,0,0,41.851679,-87.690624,215,760970.6,215
KA1504000114,Kedzie Ave & Chicago Ave,213,145,68,69,144,0,0,41.895468,-87.706134,213,639256.5,212
439,Campbell Ave & Irving Park Rd,206,110,96,0,206,0,0,41.953624,-87.690799,206,515198.9,206
KA1504000155,2112 W Peterson Ave,206,136,70,73,133,0,0,41.991176,-87.683599,206,483270.0,206
KA1504000113,Sacramento Blvd & Franklin Blvd,205,173,32,92,113,0,0,41.890506,-87.702622,205,440525.2,205
442,Lincoln Ave & Balmoral Ave,205,136,69,0,205,0,0,41.979467,-87.693029,205,638107.6,205
13096,California Ave & 21st St,203,115,88,105,98,0,0,41.853800,-87.695831,203,665505.3,202
15585,Budlong Woods Library,203,111,92,128,75,0,0,41.983668,-87.696424,203,419699.1,201
16994,Kilbourn Ave & Milwaukee Ave,202,129,73,87,115,0,0,41.947071,-87.739997,202,824234.2,200
21452,Richmond St & Lincoln Ave,197,143,54,102,95,0,0,41.988151,-87.703153,197,468294.0,197
E014,Lincolnwood Dr & Central St,196,74,122,88,108,0,0,42.064842,-87.715301,196,390621.2,195
24370,Milwaukee Ave & Ainslie St,196,111,85,59,137,0,0,41.968609,-87.761080,196,622545.8,196
E011,Dodge Ave & Main St,194,117,77,90,104,0,0,42.034662,-87.699179,194,573088.7,194
KA1504000130,Maplewood Ave & Peterson Ave,193,154,39,106,87,0,0,41.990236,-87.693369,193,500854.4,193
518,Conservatory Dr & Lake St,191,73,118,72,119,0,0,41.886574,-87.717390,191,551581.9,191
KA1504000141,Pulaski Rd & Eddy St,179,93,86,93,86,0,0,41.946268,-87.731040,179,456262.3,179
15686,Kedzie Ave & 21st St,168,106,62,50,118,0,0,41.853542,-87.705068,168,613908.8,165
KA1503000031,Cottage Grove Ave & 67th St,168,71,97,74,94,0,0,41.773721,-87.605642,168,383614.1,167
951,Public Rack - Woodlawn Ave & 63rd St N,167,123,44,0,167,0,0,41.780645,-87.596093,167,204548.8,167
18022,Archer (Damen) Ave & 37th St,167,134,33,99,68,0,0,41.826713,-87.683149,167,523696.2,167
594,Western Blvd & 48th Pl,166,79,87,91,75,0,0,41.805662,-87.683386,166,369944.7,166
23191,Springfield Ave & North Ave,163,77,86,84,79,0,0,41.910162,-87.723838,163,486365.0,162
21361,Kenosha Ave & Wellington Ave,162,86,76,29,133,0,0,41.934457,-87.733794,162,473663.1,162
23112,St Louis Ave & Foster Ave,162,97,65,82,80,0,0,41.976015,-87.715971,162,374077.6,161
KA1504000091,Hoyne Ave & 47th St,160,72,88,109,51,0,0,41.808228,-87.677183,160,290971.9,157
662,Dodge Ave & Mulford St,160,89,71,99,61,0,0,42.019926,-87.698414,160,457559.0,159
415,Western Ave & Lake St,154,81,73,0,154,0,0,41.884602,-87.685921,154,459593.4,154
20104,State St & 95th St,151,52,99,44,107,0,0,41.721795,-87.622850,151,376242.9,149
TA1307000161,Halsted St & 37th St,151,107,44,76,75,0,0,41.827070,-87.645714,151,339298.5,151
23107,Karlov Ave & Lawrence Ave,150,94,56,73,77,0,0,41.967943,-87.730405,150,441866.0,148
15689,California Ave & 23rd Pl,150,104,46,86,64,0,0,41.849121,-87.695134,150,477448.7,150
458,Washtenaw Ave & Peterson Ave,150,95,55,0,150,0,0,41.990686,-87.697062,150,429952.2,150
519,Wolcott Ave & Fargo Ave,148,93,55,48,100,0,0,42.016230,-87.678118,148,378165.1,147
23106,Kenneth Ave & Lawrence Ave,147,87,60,73,74,0,0,41.967885,-87.740001,147,393826.4,147
21359,Kilbourn Ave & Belden Ave,146,109,37,51,95,0,0,41.922354,-87.739020,146,505817.4,146
KA1503000009,Princeton Ave & 47th St,142,75,67,78,64,0,0,41.809322,-87.633451,142,294126.2,141
KA1503000018,Jeffery Blvd & 71st St,139,96,43,64,75,0,0,41.766634,-87.576444,139,283479.8,138
24148,Fairfield Ave & Pratt Blvd,139,77,62,73,66,0,0,42.004562,-87.698604,139,285812.3,138
23110,Keeler Ave & Carmen Ave,136,62,74,81,55,0,0,41.974314,-87.733095,136,312601.2,135
KA1504000109,Washtenaw Ave & Ogden Ave,135,107,28,100,35,0,0,41.861930,-87.693458,135,333331.6,133
KA1503000030,Jeffery Blvd & 67th St,135,90,45,90,45,0,0,41.774850,-87.577960,135,347573.0,132
653B,Stony Island Ave & 63rd St,135,71,64,98,37,0,0,41.780509,-87.586849,135,317770.9,133
21360,Kilbourn Ave & Roscoe St,133,55,78,59,74,0,0,41.942724,-87.739556,133,418644.5,133
24157,Central Park Ave & Ardmore Ave,131,62,69,111,20,0,0,41.986638,-87.718710,131,251287.2,131
24150,North Boundary Park,130,75,55,52,78,0,0,42.013014,-87.708910,130,479615.3,130
21322,Grace & Cicero,128,75,53,32,96,0,0,41.949737,-87.746936,128,423516.4,128
24323,Kilbourn Ave & Diversey Ave,128,82,46,31,97,0,0,41.931792,-87.739338,128,317490.5,127
24159,Kedvale Ave & Peterson Ave,127,107,20,24,103,0,0,41.990071,-87.731748,127,569118.6,127
21317,Long Ave & Belmont Ave,125,57,68,36,89,0,0,41.938330,-87.761650,125,320532.3,124
24289,Midway Orange Line,125,32,93,83,42,0,0,41.786897,-87.738917,125,316785.1,124
21314,Narragansett Ave & Wrightwood Ave,125,53,72,29,96,0,0,41.927292,-87.785227,125,243530.8,125
20219,Burnham Greenway & 112th St,124,36,88,97,27,0,0,41.691775,-87.530435,124,215845.5,123
KA1503000073,MLK Jr Dr & 56th St,124,61,63,88,36,0,0,41.793437,-87.615856,124,224120.5,124
21312,Lockwood Ave & Wrightwood Ave,122,90,32,26,96,0,0,41.927776,-87.758509,122,275483.7,121
931,Public Rack - Western Ave & Devon Ave,121,94,27,0,121,0,0,41.997534,-87.689719,121,568886.9,121
24367,Milwaukee Ave & Agatite Ave,120,87,33,89,31,0,0,41.961500,-87.754890,120,694023.2,120
KA1503000049.1,Rainbow - Beach,119,79,40,101,18,0,0,41.757873,-87.549384,119,233957.1,118
335.0,Komensky Ave & 31st St,118,94,24,0,118,0,0,41.836713,-87.725637,118,224367.1,118
20229,Baltimore Ave & 87th St,117,74,43,52,65,0,0,41.737338,-87.548511,117,253542.5,116
KA1503000020,South Shore Dr & 74th St,117,45,72,48,69,0,0,41.762201,-87.559250,117,336953.1,116
KA1503000033,Eberhart Ave & 61st St,116,62,54,76,40,0,0,41.784079,-87.614486,116,366857.8,114
24153,Kostner Ave & Bryn Mawr Ave,114,46,68,67,47,0,0,41.982798,-87.738020,114,270367.1,114
21356,Lavergne Ave & Fullerton Ave,113,59,54,27,86,0,0,41.924019,-87.751197,113,348403.5,113
16920,Central Ave & Chicago Ave,112,89,23,60,52,0,0,41.894960,-87.764905,112,79822.2,110
1052,Public Rack - Rockwell & Division,111,87,24,0,111,0,0,41.902869,-87.692391,111,307171.5,111
414,Sacramento Blvd & Fulton Ave,111,65,46,0,111,0,0,41.886527,-87.701674,111,317543.0,111
504,Public Rack - Milwaukee Ave & Diversey Ave,111,65,46,0,111,0,0,41.931316,-87.711373,111,324328.5,111
KA1503000051,Halsted St & 47th Pl,110,76,34,66,44,0,0,41.808143,-87.645617,110,239517.5,110
21379,Rockwell St & Archer Ave\t,110,63,47,33,77,0,0,41.822723,-87.689821,110,394059.5,110
877,Public Rack - Racine Ave & 109th Pl,108,98,10,0,108,0,0,41.694835,-87.652829,108,143582.5,108
766,Public Rack - Harold Washington Park,107,46,61,0,107,0,0,41.801007,-87.584689,107,250920.5,107
580,Exchange Ave & 79th St,107,83,24,66,41,0,0,41.752062,-87.552063,107,209652.4,107
Corral 1,Wrigley Events Parking Area,107,43,64,0,107,0,0,41.947186,-87.653966,107,292478.5,107
021320,MTV Hubbard St,106,81,25,0,106,0,0,41.889761,-87.680350,106,282702.0,106
KA1504000110,Millard Ave & 26th St,105,64,41,29,76,0,0,41.844539,-87.715963,105,225191.5,104
420,Washtenaw Ave & Polk St,103,63,40,0,103,0,0,41.871132,-87.693754,103,231478.7,103
KA1503000013,Princeton Ave & Garfield Blvd,103,71,32,52,51,0,0,41.794982,-87.633126,103,299449.9,102
KA1503000045,Stony Island Ave & 71st St,102,77,25,49,53,0,0,41.766490,-87.586461,102,250058.0,101
370,Central Park & Augusta Blvd,102,65,37,0,102,0,0,41.898888,-87.716465,102,256246.4,102
464,Western Ave & Ardmore Ave,101,30,71,0,101,0,0,41.986684,-87.689758,101,304537.6,101
24155,Kostner Ave & Devon Ave,100,25,75,70,30,0,0,41.997038,-87.738393,100,142801.6,100
KA1504000102,Fairfield Ave & Roosevelt Rd,98,65,33,36,62,0,0,41.866625,-87.694519,98,287329.8,97
545,Kostner Ave & Adams St,97,85,12,35,62,0,0,41.880427,-87.737048,97,171982.3,96
20106,Chicago State University,96,34,62,28,68,0,0,41.718963,-87.608301,96,91683.3,96
546,Damen Ave & Pershing Rd,95,38,57,56,39,0,0,41.823194,-87.676602,95,187752.9,95
20107,Walden Pkwy & 100th St,95,37,58,39,56,0,0,41.712181,-87.667732,95,127094.6,95
KA1503000053,MLK Jr Dr & 63rd St,92,39,53,29,63,0,0,41.780084,-87.615967,92,186818.1,92
512,Public Rack - California Ave & Cortez St,89,48,41,0,89,0,0,41.900140,-87.696807,89,223296.8,89
KA1503000032,Union Ave & Root St,89,46,43,57,32,0,0,41.819113,-87.643286,89,207206.0,89
441,Virginia Ave & Catalpa Ave,89,33,56,0,89,0,0,41.981245,-87.704942,89,177318.7,89
426,California & 16th St,89,23,66,0,89,0,0,41.859246,-87.695503,89,280655.7,89
KA1503000001,Shields Ave & 43rd St,89,77,12,41,48,0,0,41.816207,-87.634803,89,227782.1,88
23180,Cicero Ave & Wrightwood Ave,88,62,26,23,65,0,0,41.927924,-87.746791,88,314091.8,88
20224,Calumet Park,88,13,75,68,20,0,0,41.713810,-87.530787,88,93860.3,87
1524189,Lowell Ave & Armitage,87,42,45,38,49,0,0,41.917060,-87.735330,87,327959.7,87
21345,Artesian Ave & 55th St,87,50,37,60,27,0,0,41.794019,-87.685773,87,192476.6,86
16906,Austin Blvd & Lake St,86,32,54,33,53,0,0,41.887941,-87.774307,86,154441.8,85
13083,Indiana Ave & 40th St,86,44,42,58,28,0,0,41.821679,-87.621565,86,228779.8,84
20232,Big Marsh Park,86,19,67,48,38,0,0,41.685878,-87.573822,86,14976.6,86
646,State St & 54th St,85,45,40,49,36,0,0,41.795925,-87.625689,85,234632.1,85
507,Public Rack - Hamlin Ave & Fullerton Ave,85,44,41,0,85,0,0,41.924404,-87.721397,85,203758.6,85
23165,Cicero Ave & Roscoe Ave,84,47,37,23,61,0,0,41.942429,-87.747316,84,319363.6,84
15692,California Ave & 26th St,84,61,23,31,53,0,0,41.843687,-87.694965,84,290966.0,83
20205,Western Ave & 111th St,84,36,48,57,27,0,0,41.691214,-87.681294,84,82208.2,84
372,Hamlin Ave & Grand Ave,84,50,34,0,84,0,0,41.904027,-87.721565,84,281958.9,84
23171,Leclaire Ave & Belmont Ave,84,36,48,42,42,0,0,41.939043,-87.754197,84,236982.4,81
KA1503000023,Stony Island Ave & 67th St,83,35,48,58,25,0,0,41.773455,-87.585338,83,176198.5,81
930,Public Rack - Washtenaw Ave & Devon Ave,83,57,26,0,83,0,0,41.997752,-87.697243,83,208687.4,83
1121.0,Public Rack - Milwaukee Ave & Higgins Ave,83,57,26,0,83,0,0,41.968605,-87.761286,83,231211.3,83
24151,California Ave & Touhy Ave,83,44,39,46,37,0,0,42.012032,-87.700272,83,258358.4,83
24211,Western Ave & Lake St,82,64,18,59,23,0,0,41.884813,-87.686679,82,250292.8,82
KA1503000047,Perry Ave & 69th St,81,31,50,56,25,0,0,41.770453,-87.628192,81,271755.2,78
358,Kilpatrick Ave & Parker Ave,81,44,37,0,81,0,0,41.930745,-87.744079,81,217360.0,81
491,Public Rack - Kedzie Ave & Argyle St,80,65,15,0,80,0,0,41.972088,-87.708632,80,189891.6,80
416,Washtenaw Ave & Madison St,80,64,16,0,80,0,0,41.881290,-87.693967,80,190075.8,80
23182,Central Ave & Altgeld St,79,54,25,21,58,0,0,41.925819,-87.766364,79,118955.0,79
492,Public Rack - Hamlin Ave & Montrose Ave,78,60,18,0,78,0,0,41.961169,-87.722401,78,155710.3,78
567,May St & 69th St,77,61,16,15,62,0,0,41.770758,-87.654763,77,84402.1,77
16905,Central Ave & Lake St,77,32,45,30,47,0,0,41.887671,-87.765470,77,148028.1,75
TA1309000051,Commercial Ave & 83rd St,76,55,21,31,45,0,0,41.744621,-87.551190,76,137747.1,75
16937,Ashland Ave & McDowell Ave,76,40,36,25,51,0,0,41.809364,-87.663923,76,189360.0,76
23192,Kildare Ave & North Ave,76,35,41,44,32,0,0,41.909528,-87.733859,76,250923.5,76
513,Public Rack - Spaulding Ave & Evergreen Ave,75,54,21,0,75,0,0,41.905383,-87.709468,75,234753.1,75
650,Eggleston Ave & 69th St,75,46,29,64,11,0,0,41.767864,-87.633574,75,159791.6,74
23163,Laramie Ave & Irving Park Rd,75,23,52,27,48,0,0,41.953316,-87.758370,75,221767.4,75
397,Narragansett Ave & School St,74,44,30,0,74,0,0,41.940130,-87.786456,74,250206.0,74
21380,Fairfield Ave & 44th St,74,23,51,13,61,0,0,41.813610,-87.693218,74,106104.2,74
24369,Menard Ave & Lawrence Ave,73,55,18,30,43,0,0,41.967880,-87.772740,73,166591.5,73
16932,Ashland Ave & Pershing Rd,72,49,23,52,20,0,0,41.823460,-87.665578,72,239114.9,72
500,Public Rack - Monticello Ave & Belmont Ave,72,43,29,0,72,0,0,41.939405,-87.718482,72,203022.7,72
21323,Merrimac Park,72,16,56,24,48,0,0,41.952609,-87.785342,72,156902.9,72
573,State St & 79th St,71,43,28,40,31,0,0,41.750796,-87.624437,71,128178.0,70
23123,Dan Ryan Woods & 83rd St,71,9,62,55,16,0,0,41.742804,-87.680176,71,19347.0,71
344,Springfield Ave & 47th St,71,2,69,0,71,0,0,41.808071,-87.721231,71,117717.9,71
318,Oak Park & Wellington,70,51,19,0,70,0,0,41.934583,-87.795945,70,96498.1,70
21326,Harlem Ave & Irving Park Rd,70,18,52,34,36,0,0,41.953261,-87.807140,70,174986.1,68
16903,Cicero Ave & Lake St,69,28,41,27,42,0,0,41.886852,-87.745304,69,138743.8,67
21395,Shabbona Park,69,21,48,44,25,0,0,41.944800,-87.799319,69,79260.5,69
21337,Hoyne Ave & 34th St,68,53,15,32,36,0,0,41.832018,-87.677842,68,125667.8,68
585,Cottage Grove Ave & 83rd St,67,42,25,26,41,0,0,41.734400,-87.598937,67,94477.1,66
1012,Public Rack - Langley Ave & 49th St,67,62,5,0,67,0,0,41.805057,-87.609105,67,117178.7,67
313,Long Ave & Belden Ave,67,40,27,0,67,0,0,41.922732,-87.760961,67,202105.3,67
23215,Lexington & California Ave,67,47,20,45,22,0,0,41.871985,-87.695817,67,155703.8,67
24371,Lavergne Ave & Lawrence Ave,67,55,12,23,44,0,0,41.967750,-87.752590,67,206414.8,67
16940,Ashland Ave & 50th St,66,50,16,16,50,0,0,41.803023,-87.664698,66,208362.4,66
621,Public Rack - Lafayette Ave & 95th St,66,28,38,0,66,0,0,41.721908,-87.624823,66,162113.7,66
16918,Austin Blvd & Madison St,65,22,43,36,29,0,0,41.880282,-87.774459,65,138922.6,62
21346,Kedzie Ave & 57th St,65,20,45,29,36,0,0,41.789831,-87.703106,65,150931.4,65
Corral 2,Weekend Night Parking Area A,64,43,21,0,64,0,0,41.946287,-87.655684,64,119545.0,64
571,Vernon Ave & 75th St,63,36,27,25,38,0,0,41.818254,-87.678220,63,141294.2,63
1276.0,Public Rack - Hollywood Park,63,56,7,0,63,0,0,41.989284,-87.711808,63,215338.4,63
24376,University Ave & 65th St,63,27,36,32,31,0,0,41.776940,-87.598420,63,110808.2,63
KA1503000021,Stony Island Ave & 64th St,62,30,32,27,35,0,0,41.778881,-87.586666,62,168519.8,62
KA1503000025,Wentworth Ave & 63rd St,62,22,40,26,36,0,0,41.780082,-87.629764,62,119611.3,61
1142.0,Public Rack - Haft Ave & Milwaukee Ave,62,19,43,0,62,0,0,41.995608,-87.786434,62,85876.5,62
15449,State St & Pershing Rd,62,42,20,30,32,0,0,41.823020,-87.626569,62,140268.5,58
510,Public Rack - Spaulding Ave & North Ave,62,41,21,0,62,0,0,41.910144,-87.709546,62,171243.7,62
21396,Central Ave & Roscoe St,62,18,44,38,24,0,0,41.942272,-87.766949,62,136199.8,62
24158,Bernard St & Peterson Ave,62,38,24,52,10,0,0,41.990429,-87.715201,62,106737.3,62
23187,Lockwood Ave and Grand Ave,62,36,26,25,37,0,0,41.917599,-87.758419,62,230900.3,61
20105,Halsted St & 96th St,61,46,15,28,33,0,0,41.719713,-87.642976,61,93549.9,61
21378,Nordica Ave & Medill Ave,61,39,22,17,44,0,0,41.922273,-87.802024,61,142876.6,61
23166,Major Ave & Addison St,61,30,31,30,31,0,0,41.945830,-87.769181,61,147580.4,61
314,Narragansett & Wrightwood,60,30,30,0,60,0,0,41.927302,-87.785237,60,96463.0,60
KA1503000019,Stony Island Ave & 75th St,60,42,18,34,26,0,0,41.758672,-87.586890,60,149999.0,60
21352,Sayre Ave & Diversey Ave,60,15,45,16,44,0,0,41.930980,-87.801059,60,152732.9,60
1182.0,Public Rack - Cumberland & Catherine,59,38,21,0,59,0,0,41.977278,-87.836653,59,178027.2,59
23172,Kostner Ave & Belmont Ave,58,30,28,27,31,0,0,41.939188,-87.737103,58,129388.0,56
768,Public Rack - Hyde Park Blvd & 55th St,58,36,22,0,58,0,0,41.795098,-87.584114,58,119353.7,58
24147,Sacramento Ave & Pratt Blvd,58,36,22,38,20,0,0,42.004040,-87.704730,58,113742.5,58
21357,Lamon Ave & Armitage Ave,57,31,26,20,37,0,0,41.916727,-87.749474,57,212746.5,57
KA1503000010,Halsted St & 51st St,57,46,11,43,14,0,0,41.801820,-87.645217,57,204012.7,56
15691,Albany Ave & 26th St,57,18,39,31,26,0,0,41.844510,-87.701713,57,152883.9,56
16916,Central Ave & Madison St,57,33,24,20,37,0,0,41.880122,-87.763233,57,206779.4,57
24366,Linder Ave & Montrose Ave,57,41,16,19,38,0,0,41.960810,-87.764880,57,101023.6,57
20233,Halsted St & 78th St,56,48,8,11,45,0,0,41.752504,-87.643749,56,133333.6,55
316,Lamon Ave & Belmont Ave,56,17,39,0,56,0,0,41.938971,-87.749292,56,164600.1,56
20222,Burnham Greenway & 105th St,56,19,37,31,25,0,0,41.704589,-87.528278,56,167940.8,56
23142,Artesian Ave & Marquette Rd,55,33,22,34,21,0,0,41.772034,-87.684637,55,181412.4,54
833,Public Rack - Pulaski Rd & 44th St,55,23,32,0,55,0,0,41.812824,-87.722531,55,76809.2,55
355,Central Ave & Parker Ave,55,43,12,0,55,0,0,41.930177,-87.766122,55,176831.3,55
20121,Loomis Blvd & 84th St,55,8,47,20,35,0,0,41.741489,-87.658411,55,140264.8,55
21390,California Ave & Marquette Rd,54,11,43,43,11,0,0,41.771610,-87.693332,54,110954.3,54
369,Central Park Ave & Ohio St,54,2,52,0,54,0,0,41.891878,-87.716420,54,45877.5,54
569,Woodlawn Ave & 75th St,53,20,33,34,19,0,0,41.789469,-87.628807,53,105430.2,52
23167,Laramie Ave & Addison St,53,13,40,29,24,0,0,41.945700,-87.756954,53,162145.8,52
24245,Western Ave & 43rd St,53,26,27,40,13,0,0,41.815741,-87.684898,53,189431.5,53
540,Laramie Ave & Madison St,52,24,28,25,27,0,0,41.880207,-87.755355,52,79567.7,48
20203,Lawndale Ave & 111th St,52,12,40,47,5,0,0,41.691318,-87.712882,52,37566.0,52
549,Marshfield Ave & 44th St,52,34,18,26,26,0,0,41.833044,-87.682222,52,176109.9,50
15599,Calumet Ave & 71st St,51,30,21,29,22,0,0,41.765514,-87.616924,51,70425.6,48
20101,Summit Ave & 86th St,51,42,9,44,7,0,0,41.737847,-87.644897,51,182965.6,50
570,Evans Ave & 75th St,51,32,19,39,12,0,0,41.761683,-87.609754,51,87930.5,51
20103,Prospect Sq & 91st St,51,22,29,28,23,0,0,41.728155,-87.667541,51,51396.2,50
752,Public Rack - Kimbark Ave & 63rd St,50,41,9,0,50,0,0,41.780598,-87.594513,50,49959.1,50
20127,Halsted St & 111th St,50,45,5,3,47,0,0,41.692274,-87.642698,50,52277.9,48
21387,St Louis Ave & 59th St,50,30,20,7,43,0,0,41.785898,-87.710574,50,73767.3,50
382,Kedzie Ave & 48th Pl,49,12,37,0,49,0,0,41.804739,-87.704094,49,68703.3,49
323,Narragansett & Irving Park,49,29,20,0,49,0,0,41.952627,-87.785381,49,111952.5,49
866,Public Rack - Kostner Ave & Armitage Ave,49,22,27,0,49,0,0,41.917205,-87.736222,49,138167.8,49
KA1503000024,Yates Blvd & 75th St,49,12,37,29,20,0,0,41.758759,-87.566427,49,60039.3,48
506,Public Rack - Lawndale Ave & Diversey Ave,49,38,11,0,49,0,0,41.931830,-87.719259,49,138643.2,49
1032,Public Rack - Kedvale Ave & 63rd St W,49,44,5,0,49,0,0,41.778730,-87.726876,49,337142.1,49
21304,Lavergne Ave & Division St,49,27,22,4,45,0,0,41.902117,-87.750898,49,94777.5,49
530,Laramie Ave & Kinzie St,48,17,31,23,25,0,0,41.885789,-87.754244,48,100266.7,47
20218,Avenue O & 118th St,48,15,33,25,23,0,0,41.681004,-87.537945,48,120887.8,48
21374,Kilpatrick Ave & Grand Ave,48,26,22,19,29,0,0,41.912707,-87.743622,48,140674.3,48
1161.0,Public Rack - Kinzua Ave & Devon Ave,48,34,14,0,48,0,0,41.997917,-87.765391,48,108933.1,48
340,Pulaski & Ann Lurie Pl,47,27,20,0,47,0,0,41.816383,-87.724748,47,52565.9,47
KA1503000055,Halsted St & 63rd St,47,25,22,28,19,0,0,41.779388,-87.644648,47,103749.4,47
595,Wabash Ave & 87th St,47,21,26,30,17,0,0,41.736561,-87.622648,47,116325.3,46
933,Public Rack - Drake Ave & Leland Ave,47,40,7,0,47,0,0,41.965994,-87.716896,47,121672.2,47
586,MLK Jr Dr & 83rd St,47,37,10,39,8,0,0,41.738468,-87.615914,47,57550.0,47
505,Public Rack - Milwaukee Ave & Haussen Ct,47,17,30,0,47,0,0,41.937792,-87.721614,47,123724.0,47
23164,Grace St & Central Ave,47,30,17,25,22,0,0,41.949541,-87.767265,47,97205.1,46
24237,Wood St & 33rd St,47,22,25,36,11,0,0,41.834268,-87.670597,47,115594.7,47
23139,Kedzie Ave & Redfield Dr,46,6,40,25,21,0,0,41.765231,-87.703205,46,47348.7,46
24149,Sacramento Ave & Lunt Ave,46,15,31,32,14,0,0,42.008198,-87.704605,46,70462.6,46
534,Karlov Ave & Madison St,45,19,26,17,28,0,0,41.879522,-87.725783,45,101796.0,45
1280.0,Public Rack - Wilbur Wright College South,45,26,19,0,45,0,0,41.958311,-87.787458,45,186470.1,45
770,Public Rack - Throop St & 58th St,45,36,9,0,45,0,0,41.788637,-87.656307,45,167177.9,45
16933,Morgan St & Pershing Rd,45,27,18,25,20,0,0,41.823624,-87.650917,45,94508.6,45
24212,California Ave & Madison St,45,26,19,27,18,0,0,41.880980,-87.695981,45,116200.9,45
343,Pulaski Rd & 51st St,44,27,17,0,44,0,0,41.800441,-87.724762,44,76165.2,44
16921,Austin Blvd & Chicago Ave,44,15,29,26,18,0,0,41.894876,-87.774664,44,71528.6,43
579,Phillips Ave & 79th St,44,18,26,16,28,0,0,41.794144,-87.621282,44,112812.3,44
326,Harlem & Irving Park,44,9,35,0,44,0,0,41.953265,-87.807149,44,101013.9,44
20242,Houston Ave & 92nd St,44,27,17,14,30,0,0,41.728207,-87.549636,44,112763.9,44
528,Pulaski Rd & Lake St,44,20,24,20,24,0,0,41.884260,-87.726451,44,104095.6,43
21351,Wellington Ave & Mulligan Ave,44,2,42,10,34,0,0,41.934733,-87.784352,44,76117.8,44
929,Public Rack - Campbell Ave & Pratt Blvd,43,30,13,0,43,0,0,42.005080,-87.692606,43,125248.1,43
651,Michigan Ave & 71st St,43,36,7,29,14,0,0,41.763814,-87.618475,43,74975.4,40
23210,Central Park Ave & Washington Blvd,43,19,24,30,13,0,0,41.882459,-87.715520,43,114142.0,43
932,Public Rack - Jensen Park,43,25,18,0,43,0,0,41.964863,-87.720759,43,120538.0,43
21334,Lawndale Ave & 30th St,43,7,36,13,30,0,0,41.838913,-87.716876,43,100380.4,43
23175,Mango Ave & Diversey Ave,43,18,25,26,17,0,0,41.930975,-87.769878,43,44750.0,39
20102,Loomis St & 89th St,43,4,39,17,26,0,0,41.732380,-87.658069,43,46472.7,43
21377,Harlem Ave & Bloomingdale Ave,43,20,23,11,32,0,0,41.912027,-87.805772,43,217386.8,43
24203,Harding Ave & Division St,42,12,30,22,20,0,0,41.902389,-87.725062,42,84440.0,42
21381,Francisco Ave & 47th St,42,29,13,16,26,0,0,41.808490,-87.696723,42,68986.8,42
20131,Cottage Grove Ave & 111th Pl,41,25,16,35,6,0,0,41.691710,-87.610004,41,97930.1,40
20123,Western Ave & 104th St,41,20,21,21,20,0,0,41.704590,-87.681179,41,73598.2,39
16950,Ashland Ave & 66th St,41,26,15,13,28,0,0,41.774075,-87.663801,41,144847.2,41
24205,Lamon Ave & Chicago Ave,41,12,29,9,32,0,0,41.895052,-87.748528,41,96904.3,41
24364,Narragansett Ave & Montrose Ave,41,14,27,7,34,0,0,41.959978,-87.786928,41,120684.6,41
1125.0,Public Rack - Milwaukee Ave & Kennedy Expy,40,27,13,0,40,0,0,41.971273,-87.763877,40,91838.0,40
560,Marshfield Ave & 59th St,40,24,16,9,31,0,0,41.790704,-87.668962,40,90969.3,40
1175.0,Public Rack - Hiawatha & Mendota,40,20,20,0,40,0,0,42.006989,-87.778000,40,73421.5,40
23173,Central Ave & Wellington Ave,40,15,25,11,29,0,0,41.934886,-87.766770,40,72430.7,40
20116,Dauphin Ave & 87th St,40,15,25,28,12,0,0,41.736474,-87.601261,40,111677.4,40
24178,Meade Ave & Fullerton Ave,40,21,19,15,25,0,0,41.924791,-87.778271,40,94084.1,40
20108,Hale Ave & 107th St,39,18,21,19,20,0,0,41.699220,-87.668915,39,38369.8,39
23140,California Ave & 71st St,39,18,21,28,11,0,0,41.764748,-87.693120,39,76771.0,36
576,Greenwood Ave & 79th St,39,2,37,12,27,0,0,41.751319,-87.595983,39,109412.7,38
23121,Damen Ave & 87th St,39,6,33,20,19,0,0,41.736038,-87.672877,39,42563.4,37
21331,21st St & Pulaski Rd,39,18,21,9,30,0,0,41.853450,-87.724730,39,62823.8,38
23162,Marmora Ave & Irving Park Rd,39,10,29,16,23,0,0,41.953077,-87.774696,39,102404.4,39
24244,California Ave & 41st St,39,17,22,19,20,0,0,41.818666,-87.694409,39,86401.8,39
20228,Constance Ave & 95th St,38,9,29,3,35,0,0,41.722268,-87.578967,38,112164.6,38
1155.0,Public Rack - Olmstead Ave & Oliphant Ave,38,28,10,0,38,0,0,42.002323,-87.817118,38,115797.2,38
KA1504000082,Kedzie Ave & Harrison St,38,23,15,16,22,0,0,41.873606,-87.704866,38,92171.6,38
24326,Long Ave & Diversey Ave,38,22,16,8,30,0,0,41.931044,-87.761241,38,100955.0,38
16907,Central Park Blvd & 5th Ave,37,18,19,17,20,0,0,41.875674,-87.715483,37,122691.2,36
750,Public Rack - Harper Ave & 63rd St,37,13,24,0,37,0,0,41.780735,-87.587839,37,86116.4,37
385,St Louis Ave & Norman Bobbins Ave,37,5,32,0,37,0,0,41.794402,-87.711236,37,54863.3,37
21301,Monticello Ave & Chicago Ave,37,17,20,12,25,0,0,41.895258,-87.717453,37,95465.6,37
20223,Ewing Ave & Burnham Greenway,37,13,24,10,27,0,0,41.711772,-87.535049,37,109024.0,37
21309,Narragansett Ave & McLean Ave,37,19,18,12,25,0,0,41.915909,-87.785115,37,103096.8,36
1110.0,Public Rack - Milwaukee Ave & Culyer Ave,36,18,18,0,36,0,0,41.954619,-87.749442,36,84030.0,36
23137,Springfield Ave & 71st St,36,7,29,18,18,0,0,41.764478,-87.720028,36,65702.8,35
23131,Western Ave & 79th St,36,14,22,21,15,0,0,41.750850,-87.682679,36,71685.6,35
20213,Commercial Ave & 130th St,36,5,31,10,26,0,0,41.659140,-87.550775,36,37978.2,36
21332,Harding Ave & 26th St,36,20,16,8,28,0,0,41.844388,-87.723357,36,47482.6,36
21386,Rockwell St & 57th St,36,20,16,32,4,0,0,41.790309,-87.688882,36,85736.8,36
24281,Pulaski Rd & 54th St,36,8,28,16,20,0,0,41.794990,-87.723608,36,55636.7,35
497,Public Rack - Lowell Ave & Elston Ave,35,17,18,0,35,0,0,41.966087,-87.736955,35,52057.1,35
347,Komensky Ave & 55th St,35,11,24,0,35,0,0,41.793328,-87.724238,35,68742.3,35
23128,Columbus Ave & 79th St,35,5,30,6,29,0,0,41.749120,-87.704266,35,99418.7,35
649,Stewart Ave & 63rd St,35,24,11,20,15,0,0,41.776836,-87.633065,35,66120.0,32
20241,Steelworkers Park,35,1,34,0,35,0,0,41.738019,-87.530843,35,34364.9,35
KA1503000011,Halsted St & 56th St,35,10,25,12,23,0,0,41.792952,-87.645003,35,80931.6,35
21385,St Louis Ave & Norman Bobbins Pl,35,8,27,10,25,0,0,41.794393,-87.711290,35,43866.5,35
1019,Public Rack - Kostner Ave & Diversey Ave,34,23,11,0,34,0,0,41.931744,-87.737302,34,56893.2,34
559,Racine Ave & Garfield Blvd,34,12,22,9,25,0,0,41.840563,-87.689466,34,100362.0,33
322,Cicero Ave & Grace St,34,26,8,0,34,0,0,41.949757,-87.746977,34,87616.5,34
23120,Damen Ave & 81st St,34,10,24,14,20,0,0,41.746492,-87.673081,34,51345.9,33
23143,Kedzie Ave & 66th Pl,33,10,23,20,13,0,0,41.772579,-87.703041,33,45935.5,31
777,Public Rack - Midway Orange Line,33,5,28,0,33,0,0,41.785820,-87.738059,33,48992.0,33
1140.0,Public Rack - Natoma Ave & Bryn Mawr Ave,33,20,13,0,33,0,0,41.982910,-87.790626,33,105399.3,33
20109,Vernon Ave & 107th St,33,4,29,14,19,0,0,41.700154,-87.612275,33,57060.9,33
24174,Cicero Ave & Wellington Ave,33,13,20,17,16,0,0,41.935150,-87.746364,33,97695.0,33
24255,Komensky Ave & 47th St,33,12,21,22,11,0,0,41.807690,-87.724721,33,61448.9,33
480,Public Rack - Rockwell Ave & Touhy Ave,32,21,11,0,32,0,0,42.012302,-87.695357,32,59023.9,32
1119.0,Public Rack - Central Ave & Lawrence Ave,32,19,13,0,32,0,0,41.967862,-87.767677,32,61372.0,32
473,Mason Ave & Belmont Ave,32,7,25,0,32,0,0,41.938363,-87.772503,32,75673.3,32
1120.0,Public Rack - Milwaukee Ave & Catalpa Ave,32,19,13,0,32,0,0,41.977249,-87.768992,32,47948.5,32
424,Sacramento Ave & 25th St,32,19,13,0,32,0,0,41.846544,-87.700151,32,79416.0,32
20115,Martin Luther King Dr & 111th St,32,22,10,0,32,0,0,41.692635,-87.613661,32,36091.8,32
KA1503000028,Jeffery Blvd & 76th St,32,17,15,21,11,0,0,41.757123,-87.575849,32,89945.9,31
577,Stony Island Ave & South Chicago Ave,32,13,19,12,20,0,0,41.817828,-87.666007,32,82214.5,32
24207,Harding Ave & Chicago Ave,32,19,13,11,21,0,0,41.895307,-87.724750,32,89314.9,32
1085.0,Public Rack - 63rd Pl & Narraganssett Ave,32,1,31,0,32,0,0,41.776585,-87.782081,32,63356.0,32
753,Public Rack - Jeffery Blvd & 67th St,32,7,25,0,32,0,0,41.773223,-87.576607,32,79034.5,32
21303,Kildare Ave & Division St,32,16,16,9,23,0,0,41.902417,-87.733629,32,65105.7,32
KA1504000168,Western Ave & 28th St,32,16,16,8,24,0,0,41.841523,-87.685138,32,102233.7,32
21327,Pittsburgh Ave & Irving Park Rd,32,10,22,14,18,0,0,41.951967,-87.832962,32,58405.5,32
15687,Central Park Ave & 24th St,31,18,13,15,16,0,0,41.848098,-87.715083,31,46915.0,30
557,Seeley Ave & Garfield Blvd,31,23,8,15,16,0,0,41.796633,-87.678314,31,72769.7,31
20234,Ashland Ave & 78th St,31,10,21,10,21,0,0,41.752215,-87.663727,31,42316.0,26
15682,Kedzie Ave & Roosevelt Rd,31,18,13,13,18,0,0,41.866514,-87.706484,31,71810.5,30
15597,Halsted St & 69th St,31,27,4,19,12,0,0,41.769061,-87.644605,31,47326.1,31
543,Laramie Ave & Gladys Ave,31,20,11,17,14,0,0,41.884406,-87.754260,31,87168.3,31
24198,Lawler Ave & North Ave,31,26,5,25,6,0,0,41.909180,-87.752259,31,130698.2,31
24266,Kedzie Ave & 54th Pl,31,18,13,13,18,0,0,41.794314,-87.703500,31,68374.0,31
KA1504000086,Kedzie Ave & 24th St,30,19,11,13,17,0,0,41.848188,-87.705421,30,88560.9,30
20215,Hegewisch Metra Station,30,5,25,17,13,0,0,41.648540,-87.546141,30,30235.2,30
23113,Scottsdale Park,30,1,29,21,9,0,0,41.741963,-87.736138,30,20988.3,29
21339,Pershing Rd & Sacramento Ave,30,5,25,13,17,0,0,41.822474,-87.699562,30,40828.8,29
24234,Harding Ave & 31st St,30,6,24,9,21,0,0,41.836712,-87.723049,30,61755.0,30
21353,Meade Ave & Diversey Ave,30,14,16,6,24,0,0,41.930861,-87.778450,30,91214.3,30
861,Public Rack - Sawyer Ave & Lawrence Ave,29,16,13,0,29,0,0,41.968314,-87.709521,29,73519.8,29
317,Long Ave & Belmont Ave,29,25,4,0,29,0,0,41.938307,-87.761642,29,107005.5,29
1113.0,Public Rack - Irving Park Rd & Leclaire Ave,29,18,11,0,29,0,0,41.953425,-87.754842,29,73956.5,29
23119,Francisco Ave & 85th St,29,0,29,16,13,0,0,41.738897,-87.695533,29,43663.4,28
24393,Burley Ave & 85th St,29,7,22,18,11,0,0,41.741170,-87.545180,29,36806.9,29
21324,Meade Ave & Addison St,29,14,15,15,14,0,0,41.945928,-87.778897,29,146708.7,29
24273,Kedzie Ave & 60th St,29,17,12,17,12,0,0,41.784579,-87.703191,29,49514.3,27
810,Public Rack - Nagle Ave & Belmont Ave,28,19,9,0,28,0,0,41.938317,-87.787486,28,161781.8,28
693,Public Rack - Walden Pkwy & 103rd St,28,19,9,0,28,0,0,41.706171,-87.669046,28,47266.2,28
562,Public Rack - Menard Ave & Belmont Ave,28,15,13,4,24,0,0,41.899638,-87.741787,28,57109.4,28
417,Troy St & Jackson Blvd,28,15,13,0,28,0,0,41.877524,-87.704846,28,72272.9,28
389,Maplewood Ave & 59th St,28,14,14,0,28,0,0,41.786330,-87.687449,28,56581.3,28
642,Latrobe Ave & Chicago Ave,28,26,2,15,13,0,0,41.855063,-87.733277,28,32683.7,28
20230,Clyde Ave & 87th St,28,6,22,4,24,0,0,41.737169,-87.572713,28,40947.3,28
1199.0,Public Rack - Nagel & Higgins,28,4,24,0,28,0,0,41.976324,-87.787627,28,74717.3,28
21365,Kildare Ave & 26th St,28,12,16,7,21,0,0,41.844229,-87.732147,28,65352.5,28
749,Public Rack - Evans Ave & 63rd St,28,25,3,0,28,0,0,41.780501,-87.607509,28,37866.5,28
21406,Kostner Ave & 63rd St,28,5,23,21,7,0,0,41.778752,-87.732463,28,27487.2,27
24156,Glenlake Ave & Pulaski Rd,28,17,11,15,13,0,0,41.992379,-87.728894,28,96904.3,28
20112,Indiana Ave & 103rd St,28,6,22,12,16,0,0,41.707137,-87.618515,28,43758.9,28
24213,Kedzie Ave & Jackson Blvd,28,19,9,6,22,0,0,41.877277,-87.706222,28,108240.1,28
21329,Central Park Ave & Douglas Blvd,28,19,9,19,9,0,0,41.862350,-87.715872,28,64766.2,28
21325,Harlem Ave & Grace St,28,4,24,10,18,0,0,41.948941,-87.806839,28,82667.7,28
21388,Richmond St & 59th St,28,6,22,21,7,0,0,41.786501,-87.697328,28,49034.0,27
21401,Kildare Ave & 47th St,28,10,18,6,22,0,0,41.807616,-87.730845,28,32668.1,28
24230,Homan Ave & 26th St,28,8,20,8,20,0,0,41.844249,-87.709830,28,70987.5,28
1011,Public Rack - Fullerton Ave & Narragansett Ave,27,13,14,0,27,0,0,41.923800,-87.785788,27,52537.3,27
16951,Damen Ave & 74th St,27,9,18,8,19,0,0,41.759273,-87.673640,27,68485.4,27
1226.0,Public Rack - Avers & Lawrence,27,17,10,0,27,0,0,41.968392,-87.724410,27,94405.4,27
16943,Ashland Ave & Garfield Blvd,27,18,9,18,9,0,0,41.792830,-87.664422,27,57876.9,25
20110,Eberhart Ave & 91st St,27,11,16,15,12,0,0,41.729283,-87.611108,27,44718.5,27
909,Public Rack - Wolcott Ave & 61st St,27,20,7,0,27,0,0,41.782368,-87.671710,27,39477.3,27
20226,Oglesby Ave & 100th St,27,16,11,13,14,0,0,41.713376,-87.565839,27,58965.1,27
24146,Knox Ave & Marquette Ave,27,4,23,11,16,0,0,41.771140,-87.737720,27,35034.5,27
24374,State St & 45th St,27,14,13,17,10,0,0,41.813130,-87.625852,27,52496.9,27
1224.0,Public Rack - Kilpatrick & Elston,27,8,19,0,27,0,0,41.970015,-87.743395,27,87827.0,27
561,Damen Ave & 59th St,26,14,12,16,10,0,0,41.797624,-87.682390,26,39693.1,26
16915,Central Ave & Harrison St,26,3,23,8,18,0,0,41.872998,-87.764507,26,30912.3,26
310,North Ave & New England Ave,26,10,16,0,26,0,0,41.909254,-87.797154,26,133342.0,26
574,Vernon Ave & 79th St,26,13,13,9,17,0,0,41.766077,-87.630366,26,60936.4,26
535,Pulaski Rd & Congress Pkwy,26,11,15,19,7,0,0,41.873149,-87.726414,26,19930.4,25
553,Elizabeth St & 47th St,26,19,7,17,9,0,0,41.815058,-87.664480,26,120211.8,26
21371,Kildare & Chicago Ave,26,11,15,3,23,0,0,41.895435,-87.733497,26,110874.2,25
373,Augusta Blvd & Laramie Ave,26,2,24,0,26,0,0,41.898661,-87.755472,26,43198.6,26
24145,Pulaski Rd & 68th St,26,12,14,5,21,0,0,41.769493,-87.722937,26,63480.5,26
21400,Lawler Ave & 50th St,26,13,13,7,19,0,0,41.802176,-87.748941,26,52366.9,26
24297,Mulligan Ave & Archer Ave,26,17,9,20,6,0,0,41.792960,-87.780520,26,41419.8,23
24394,Steelworkers Park,26,12,14,21,5,0,0,41.737930,-87.530910,26,59604.5,26
23138,St. Louis & 71st St,25,1,24,17,8,0,0,41.764355,-87.710118,25,29067.6,25
KA1503000003,Cottage Grove Ave & 71st St,25,5,20,10,15,0,0,41.765721,-87.604964,25,49041.1,22
20214,Avenue O & 134th St,25,3,22,14,11,0,0,41.651812,-87.540575,25,23533.7,25
21407,Tripp Ave & 65th St,25,9,16,9,16,0,0,41.774910,-87.728829,25,41677.4,23
21320,Orange Ave & Addison St,25,10,15,15,10,0,0,41.944854,-87.824229,25,39422.4,25
503,Public Rack - Jonathan Y Scammon Public School,24,8,16,0,24,0,0,41.941627,-87.732410,24,66690.6,24
23117,Kedzie Ave & 83rd St,24,1,23,14,10,0,0,41.742528,-87.702302,24,35228.7,23
16912,Cicero Ave & Flournoy St,24,17,7,8,16,0,0,41.872129,-87.746635,24,43673.7,24
627,Public Rack - Halsted St & 95th St - SE,24,16,8,0,24,0,0,41.720812,-87.643079,24,35696.8,24
20114,Doty Ave & 111th St,24,3,21,10,14,0,0,41.695017,-87.598718,24,30600.1,23
1131.0,Public Rack - Springfield Ave & Lawrence Ave,24,16,8,0,24,0,0,41.968367,-87.725668,24,83449.3,24
495,Public Rack - Keystone Ave & Irving Park Rd,24,16,8,0,24,0,0,41.953480,-87.729809,24,48490.5,24
1203.0,Public Rack - Lavergne & Lawrence,24,12,12,0,24,0,0,41.967925,-87.752518,24,77342.2,24
1523185.1,Mason Ave & Grand Ave,24,11,13,10,14,0,0,41.920444,-87.774377,24,56553.2,24
24324,Nagle Ave & Belmont Ave,24,14,10,1,23,0,0,41.938520,-87.787350,24,122199.3,24
821,Public Rack - Western Blvd & 49th St,23,10,13,0,23,0,0,41.804855,-87.683836,23,59063.0,23
20244,Halsted St & 73rd St,23,7,16,14,9,0,0,41.761629,-87.644129,23,50416.6,22
20204,Kedzie Ave & 110th St,23,8,15,17,6,0,0,41.692394,-87.700960,23,34522.4,22
460,Francisco Ave & Hollywood Ave,23,8,15,0,23,0,0,41.984590,-87.701594,23,56883.1,23
20207,Major Taylor Trail & 115th St,23,14,9,5,18,0,0,41.684942,-87.645293,23,43873.0,23
400,Lawler Ave & 50th St,23,5,18,0,23,0,0,41.802172,-87.748956,23,26661.6,23
537,Kenton Ave & Madison St,23,10,13,11,12,0,0,41.879262,-87.740338,23,44699.6,23
422,Albany Ave & 16th St,23,7,16,0,23,0,0,41.859346,-87.703027,23,57748.7,23
427,Whipple St & Roosevelt Rd,23,11,12,0,23,0,0,41.866564,-87.701561,23,31188.7,23
23141,Artesian Ave & 71st St,23,8,15,19,4,0,0,41.764348,-87.684419,23,36330.0,23
1204.0,Public Rack - Leamington & Elston,23,20,3,0,23,0,0,41.977891,-87.756317,23,120451.8,23
21336,La Villita Park,23,6,17,15,8,0,0,41.839250,-87.702020,23,13429.6,23
474,Fullerton & Monitor,22,1,21,0,22,0,0,41.923785,-87.772308,22,45533.8,22
319,Roscoe & Harlem,22,5,17,0,22,0,0,41.941605,-87.807225,22,34864.8,22
813,Public Rack - Calumet Ave & 51st St,22,15,7,0,22,0,0,41.802218,-87.618270,22,42302.2,22
1235.0,Public Rack - Lockwood & Archer,22,5,17,0,22,0,0,41.796671,-87.755161,22,38772.7,22
554,Damen Ave & 51st St,22,5,17,15,7,0,0,41.810557,-87.681183,22,28031.2,22
21403,Kildare Ave & 55th St,22,3,19,14,8,0,0,41.793327,-87.730591,22,35668.6,22
341,Archer Ave & 43rd St,21,11,10,0,21,0,0,41.815487,-87.702397,21,55300.1,21
404,Pulaski Rd & 60th St,21,7,14,0,21,0,0,41.784183,-87.722552,21,53119.4,21
342,Kedzie Ave & 45th St,21,14,7,0,21,0,0,41.811409,-87.704009,21,31656.6,21
1134.0,Public Rack - Kimball Ave & Lawrence Ave,21,10,11,0,21,0,0,41.967934,-87.713400,21,51695.2,21
1212.0,Public Rack - Forest Glen & Peterson,21,17,4,0,21,0,0,41.989866,-87.742917,21,128364.2,21
418,Mozart St & Jackson Blvd,21,14,7,0,21,0,0,41.877502,-87.697389,21,54289.8,21
1123.0,Public Rack - Milwaukee Ave & Lawrence Ave,21,11,10,0,21,0,0,41.967383,-87.760237,21,73921.3,21
21366,Spaulding Ave & 16th,21,4,17,8,13,0,0,41.858999,-87.707913,21,18437.8,21
21384,Kedzie Ave & 52nd St,21,8,13,11,10,0,0,41.799063,-87.703430,21,39933.5,21
23170,Marmora Ave & Belmont Ave,21,7,14,16,5,0,0,41.938290,-87.773769,21,27972.7,20
16913,Cicero Ave & Quincy St,20,14,6,8,12,0,0,41.877612,-87.745416,20,32951.4,17
320,Orange & Addison,20,3,17,0,20,0,0,41.944827,-87.824227,20,13061.8,20
23115,Pulaski Rd & 84th St,20,1,19,12,8,0,0,41.740404,-87.721920,20,30837.9,19
402,Kenneth Ave & 50th St,20,3,17,0,20,0,0,41.802321,-87.734396,20,35721.2,20
24340,Wabash Ave & 49th St,20,10,10,9,11,0,0,41.805817,-87.624497,20,63652.2,20
Corral 3,Weekend Night Parking Area B,20,8,12,0,20,0,0,41.944910,-87.654770,20,55577.3,20
362.0,Lawndale Ave & 16th St,19,3,16,0,19,0,0,41.859166,-87.717697,19,9416.5,19
352,Sayre & Diversey,19,2,17,0,19,0,0,41.930992,-87.801016,19,42715.9,19
1112.0,Public Rack - Milwaukee Ave & Pensacola Ave,19,8,11,0,19,0,0,41.959479,-87.753371,19,24174.9,19
487,Public Rack - California Ave & Devon Ave - NE,19,5,14,0,19,0,0,41.998246,-87.699591,19,47239.5,19
23136,Kedzie Ave & 73rd St,19,12,7,7,12,0,0,41.760695,-87.702280,19,44517.6,19
588,South Chicago Ave & 83rd St,19,10,9,6,13,0,0,41.743923,-87.575225,19,30950.3,19
575,Cottage Grove Ave & 78th St,19,7,12,13,6,0,0,41.753174,-87.605014,19,41103.8,18
1070,Public Rack - Lawndale Ave & 23rd St,19,3,16,0,19,0,0,41.849847,-87.716587,19,8923.6,19
350,Hamlin Ave & 62nd Pl,19,2,17,0,19,0,0,41.779903,-87.717828,19,27011.6,19
20217,Torrence Ave & 126th Pl,19,0,19,10,9,0,0,41.666306,-87.557190,19,44141.7,19
1108.0,Public Rack - Cicero Ave & Belle Plaine Ave,19,10,9,0,19,0,0,41.955744,-87.747506,19,48187.5,19
814,Public Rack - Prairie Ave & 47th St,19,9,10,0,19,0,0,41.809473,-87.618947,19,24819.4,19
20211,Eberhart Ave & 131st St,19,1,18,1,18,0,0,41.658388,-87.610714,19,92543.2,19
399,Lavergne Ave & 46th St,19,3,16,0,19,0,0,41.809348,-87.747834,19,37008.4,19
23122,Paulina Ave & 87th St,19,11,8,7,12,0,0,41.735626,-87.665523,19,23277.8,18
Corral 5,Weekend Night Parking Area D,19,6,13,0,19,0,0,41.942947,-87.649417,19,32204.5,19
24243,Kedzie Ave & Archer Ave,19,9,10,12,7,0,0,41.814470,-87.704110,19,46213.8,19
24258,Kilbourn Ave & 49th St,19,6,13,14,5,0,0,41.803850,-87.735660,19,9695.9,19
587,Wabash Ave & 83rd St,18,9,9,18,0,0,0,41.743360,-87.622844,18,12679.5,17
682,Public Rack - 111th St - Morgan Park Metra,18,16,2,0,18,0,0,41.692930,-87.670601,18,25879.9,18
324,Meade Ave & Addison St,18,16,2,0,18,0,0,41.945931,-87.778933,18,32731.3,18
471,Damen Ave & 33rd St,18,15,3,0,18,0,0,41.834111,-87.675659,18,38536.7,18
536,Kostner Ave & Lake St,18,4,14,8,10,0,0,41.883603,-87.735096,18,55577.2,16
309,Narragansett & McLean,18,8,10,0,18,0,0,41.915901,-87.785105,18,44909.2,18
20124,Vincennes Ave & 104th St,18,9,9,9,9,0,0,41.704927,-87.656934,18,37938.5,18
376,Menard Ave & North Ave,18,6,12,0,18,0,0,41.909701,-87.770205,18,40580.9,18
1209.0,Public Rack - Leader & Caldwell,18,9,9,0,18,0,0,41.991513,-87.754482,18,30564.9,18
16948,Ashland Ave & 63rd St,18,10,8,13,5,0,0,41.779378,-87.664856,18,49293.5,18
394,Panama Ave & Grace St,18,1,17,0,18,0,0,41.947663,-87.829269,18,12601.3,18
21383,Campbell Ave & 51st St,18,5,13,11,7,0,0,41.800944,-87.686759,18,52115.6,17
1275.0,Public Rack - Norwood Park Station,18,8,10,0,18,0,0,41.992026,-87.799161,18,37241.5,18
24332,Lavergne Ave & Diversey Ave,18,7,11,12,6,0,0,41.931280,-87.751410,18,64104.5,18
381,Francisco Ave & 47th St,17,6,11,0,17,0,0,41.808475,-87.696742,17,23357.6,17
346,Kedzie Ave & 57th St,17,8,9,0,17,0,0,41.789843,-87.703164,17,56196.1,17
364.0,Homan Ave & Fillmore St,17,5,12,0,17,0,0,41.868105,-87.710821,17,59362.6,17
702,Public Rack - Western Ave & 92nd Pl,17,6,11,0,17,0,0,41.725438,-87.681993,17,44206.8,17
584,Ellis Ave & 83rd St,17,4,13,11,6,0,0,41.738889,-87.595980,17,17597.2,17
863,Public Rack - Karlov Ave & Milwaukee Ave,17,7,10,0,17,0,0,41.942674,-87.729940,17,63890.9,17
508,Public Rack - Pulaski Rd & Fullerton Ave,17,9,8,0,17,0,0,41.924595,-87.727495,17,74869.1,17
20231,East End Ave & 87th St,17,5,12,11,6,0,0,41.736812,-87.582806,17,21838.7,15
493,Public Rack - St Louis Ave & Berteau Ave,17,5,12,0,17,0,0,41.958437,-87.715585,17,33761.4,17
20239,Marquette Ave & 89th St,17,5,12,6,11,0,0,41.733670,-87.558398,17,60509.4,17
21368,Tripp Ave & 31st St,17,5,12,2,15,0,0,41.836982,-87.730499,17,43147.3,17
20120,Stewart Ave & 83rd St,17,6,11,9,8,0,0,41.743714,-87.634082,17,34764.7,17
501,Public Rack - Milwaukee Ave & School St,17,9,8,0,17,0,0,41.940701,-87.726110,17,55514.9,17
21367,Mayfield Ave & Roosevelt Rd,17,9,8,6,11,0,0,41.865698,-87.771757,17,58027.3,17
1202.0,Public Rack - Mango & Higgins,17,11,6,0,17,0,0,41.971685,-87.772326,17,54774.5,17
Corral 4,Weekend Night Parking Area C,17,10,7,0,17,0,0,41.944762,-87.649484,17,45941.0,17
20212,Altgeld Gardens,17,1,16,5,12,0,0,41.656731,-87.598809,17,26693.1,15
24196,Mango Ave & North Ave,17,2,15,7,10,0,0,41.909580,-87.769117,17,22615.1,17
359,Kilbourn & Belden,16,14,2,0,16,0,0,41.922354,-87.739024,16,44047.0,16
957,Public Rack - Langley Ave & Oakwood Blvd,16,4,12,0,16,0,0,41.822833,-87.609545,16,23728.6,16
593,Halsted St & 59th St,16,4,12,8,8,0,0,41.787550,-87.644874,16,34937.3,16
395,Shabbona Park,16,3,13,0,16,0,0,41.944794,-87.799358,16,23641.4,16
1072,Public Rack - Washington Park Ct & 51st St,16,4,12,0,16,0,0,41.802221,-87.615161,16,19493.9,16
582,Phillips Ave & 83rd St,16,7,9,9,7,0,0,41.744530,-87.565067,16,36437.5,16
489,Public Rack - Spaulding Ave & Bryn Mawr Ave,16,5,11,0,16,0,0,41.982954,-87.711427,16,30338.4,16
1195.0,Public Rack - Nashotah & Northwest Hwy,16,4,12,0,16,0,0,41.988128,-87.791371,16,21157.9,16
1223.0,Public Rack - Kenton & Lawrence,16,11,5,0,16,0,0,41.968015,-87.743174,16,65107.3,16
486,Public Rack - California Ave & Devon Ave - NW,16,9,7,0,16,0,0,41.998620,-87.699703,16,35226.3,16
23114,Kildare Ave & 85th St,16,2,14,15,1,0,0,41.736696,-87.729880,16,5636.6,16
502,Public Rack - Milwaukee Ave & Addison St,16,11,5,0,16,0,0,41.946502,-87.735792,16,66430.0,16
857,Public Rack - Sawyer Ave & Bryn Mawr Ave - SE,16,3,13,0,16,0,0,41.983065,-87.709838,16,39423.8,16
1225.0,Public Rack - Kenneth & Carmen,16,10,6,0,16,0,0,41.972762,-87.739253,16,40009.0,16
21393,Oketo Ave & Addison St,16,6,10,4,12,0,0,41.944958,-87.811888,16,37457.1,16
24338,Wallace St & Pershing Rd,16,6,10,5,11,0,0,41.823390,-87.641180,16,47952.6,16
24360,Princeton Ave & 95th St,16,2,14,2,14,0,0,41.721750,-87.630750,16,37664.6,16
24322,Overhill Ave & Belmont Ave,16,10,6,10,6,0,0,41.937990,-87.819150,16,23847.0,16
20206,Homewood Ave & 115th St,15,1,14,13,2,0,0,41.684600,-87.670726,15,19059.9,15
1236.0,Public Rack - Parkside & Archer,15,1,14,0,15,0,0,41.795681,-87.763503,15,12283.2,15
485,Public Rack - Sacramento Ave & Devon Ave,15,7,8,0,15,0,0,41.997566,-87.704630,15,22521.4,15
391,Rockwell St & 63rd St,15,6,9,0,15,0,0,41.778792,-87.688593,15,25662.3,15
531,Public Rack - Penn Elementary School / KIPP Ascend Middle School,15,13,2,0,15,0,0,41.858687,-87.722384,15,17188.6,15
1048,Public Rack - Western Ave & 47th Pl,15,8,7,0,15,0,0,41.808047,-87.684716,15,31349.2,15
494,Public Rack - Avers Ave & Irving Park Rd,15,5,10,0,15,0,0,41.953801,-87.724213,15,44516.1,15
392,Homan Ave & 65th St,15,3,12,0,15,0,0,41.775170,-87.708129,15,15278.5,15
775,Public Rack - Kedzie Ave & 58th St,15,7,8,0,15,0,0,41.788285,-87.703562,15,25029.5,15
20220,Avenue L & 114th St,15,1,14,0,15,0,0,41.688032,-87.536552,15,13696.7,15
466,California Ave & 29th St,15,6,9,0,15,0,0,41.840226,-87.694126,15,37394.7,15
24200,Pine Ave & Division St,15,3,12,6,9,0,0,41.901901,-87.763869,15,18066.4,12
24225,Avers Ave & 16th St,15,4,11,9,6,0,0,41.859090,-87.721210,15,17090.8,15
406,Kostner Ave & 63rd St,14,3,11,0,14,0,0,41.778769,-87.732468,14,28838.3,14
583,Stony Island Ave & 82nd St,14,4,10,8,6,0,0,41.746563,-87.585999,14,14064.5,11
1216.0,Public Rack - St Louis & Lincoln,14,2,12,0,14,0,0,41.995632,-87.716358,14,31740.8,14
914,Public Rack - Martin Luther King Dr & 44th St,14,6,8,0,14,0,0,41.814278,-87.616384,14,36332.8,14
20245,Ashland Ave & 74th St,14,6,8,7,7,0,0,41.759227,-87.663475,14,35376.6,14
16970,Bennett Ave & 79th St,14,6,8,10,4,0,0,41.751793,-87.578499,14,29896.4,14
479,Public Rack - California Ave & Touhy Ave - NW,14,9,5,0,14,0,0,42.012135,-87.699857,14,20592.7,14
16953,Vincennes Ave & 75th St,14,5,9,12,2,0,0,41.757970,-87.631210,14,27038.5,14
20125,Halsted St & 104th St,14,7,7,6,8,0,0,41.705147,-87.642431,14,31096.1,14
1200.0,Public Rack - Melvina & Foster,14,1,13,0,14,0,0,41.975594,-87.783455,14,24589.4,14
1111.0,Public Rack - Lavergne Ave & Belle Plaine Ave,14,8,6,0,14,0,0,41.955304,-87.751786,14,22960.3,14
788,Public Rack - Greenwood Ave & Lake Park Ave,14,6,8,0,14,0,0,41.817316,-87.599558,14,34756.1,14
1284.0,Public Rack - Forest Glen Station,14,11,3,0,14,0,0,41.978703,-87.755550,14,38197.8,14
21354,Parkside Ave & Armitage Ave,14,6,8,10,4,0,0,41.916904,-87.767169,14,40111.0,14
21338,California Ave & 36th St,14,4,10,7,7,0,0,41.828137,-87.694646,14,57891.5,14
1211.0,Public Rack - Keating & Peterson,14,14,0,0,14,0,0,41.990137,-87.747149,14,102988.0,14
1124.0,Public Rack - Lotus Ave & Lawrence Ave,14,9,5,0,14,0,0,41.967654,-87.763632,14,30623.9,14
24267,Mozart St & 55th St,14,11,3,4,10,0,0,41.793750,-87.694720,14,38020.0,14
20235,Greenwood Ave & 91st St,14,0,14,14,0,0,0,41.728264,-87.597299,14,0.0,14
634,Public Rack - Oglesby Ave & 95th St,14,1,13,0,14,0,0,41.722484,-87.565738,14,18829.8,14
1180.0,Public Rack - N. Oakview and W. Gregory St,13,3,10,0,13,0,0,41.980125,-87.844010,13,23143.7,13
377,Bloomingdale Ave & Harlem Ave,13,4,9,0,13,0,0,41.912036,-87.805758,13,86539.4,13
572,State St & 76th St,13,8,5,9,4,0,0,41.785729,-87.655858,13,25130.4,12
351,Mulligan Ave & Wellington Ave,13,6,7,0,13,0,0,41.934750,-87.784378,13,50325.3,13
20208,Major Taylor Trail & 124th St,13,1,12,10,3,0,0,41.668696,-87.637124,13,90662.5,12
20113,Dauphin Ave & 103rd St,13,4,9,10,3,0,0,41.707259,-87.607662,13,9435.6,11
1092.0,Public Rack - 56th St & Mulligan Ave,13,0,13,0,13,0,0,41.790488,-87.779988,13,11808.3,13
1150.0,Public Rack - Bryn Mawr Ave & Spaulding Ave,13,2,11,0,13,0,0,41.983082,-87.711623,13,22647.6,13
673,Public Rack - Avenue M & 132nd St,13,0,13,0,13,0,0,41.655689,-87.537552,13,8998.9,13
776,Public Rack - Komensky Ave & 59th St,13,7,6,0,13,0,0,41.786058,-87.723644,13,15426.5,13
610,Public Rack - Langley Ave & 105th Pl,13,2,11,0,13,0,0,41.702383,-87.606464,13,22914.4,13
21307,Leamington Ave & Hirsch St,13,6,7,4,9,0,0,41.905847,-87.754854,13,9972.1,13
23126,Springfield Ave & 80th St,13,0,13,13,0,0,0,41.747630,-87.719450,13,20605.8,13
21418,Mozart St & Jackson Blvd,13,8,5,2,11,0,0,41.877500,-87.697400,13,46287.0,13
20238,Greenwood Ave & 97th St,12,1,11,7,5,0,0,41.718704,-87.597026,12,10888.5,11
1171.0,Public Rack - Overhill Ave & Touhy Ave,12,4,8,0,12,0,0,42.011526,-87.818940,12,41139.8,12
308,Major Ave & Bloomingdale Ave,12,2,10,0,12,0,0,41.912605,-87.768616,12,38807.8,12
490,Public Rack - Kimball Ave & Carmen Ave,12,7,5,0,12,0,0,41.973940,-87.713331,12,30632.1,12
384,Kedzie Ave & 52nd St,12,1,11,0,12,0,0,41.799066,-87.703468,12,14270.2,12
906,Public Rack - Prairie Ave & Garfield Blvd S,12,8,4,0,12,0,0,41.794356,-87.619078,12,21415.1,12
991,Public Rack - Western Ave & 96th St,12,12,0,0,12,0,0,41.718637,-87.681661,12,18241.4,12
550,Public Rack - Laramie Ave & Grand Ave,12,7,5,0,12,0,0,41.917245,-87.756059,12,22371.9,12
1126.0,Public Rack - Laramine Ave & Winnemac Ave,12,6,6,0,12,0,0,41.971817,-87.757558,12,46395.3,12
20201,Kedzie Ave & 104th St,12,1,11,0,12,0,0,41.703807,-87.701381,12,18602.8,12
1115.0,Public Rack - Milwaukee Ave & Leland Ave,12,6,6,0,12,0,0,41.966077,-87.759246,12,26190.0,12
1205.0,Public Rack - Lynch & Elston,12,8,4,0,12,0,0,41.980971,-87.761353,12,39013.3,12
24285,Kildare Ave & Archer Ave,12,8,4,7,5,0,0,41.800330,-87.730789,12,20272.9,12
21349,Spaulding Ave & 63rd,12,10,2,7,5,0,0,41.779165,-87.705639,12,21730.2,12
21421,Albany Ave & Douglas Blvd,12,6,6,2,10,0,0,41.863192,-87.703073,12,29148.8,11
950,Public Rack - Woodlawn Ave & 63rd St S,11,6,5,0,11,0,0,41.779680,-87.596039,11,24489.9,11
380,Fairfield Ave & 44th St,11,3,8,0,11,0,0,41.813569,-87.693140,11,12010.5,11
419,Sacramento Blvd & Polk St,11,2,9,0,11,0,0,41.870960,-87.700267,11,28668.0,11
331.0,Pulaski Rd & 21st St,11,3,8,0,11,0,0,41.853468,-87.724561,11,13380.9,11
544,Public Rack - Laramie Ave & Belmont Ave,11,6,5,0,11,0,0,41.938694,-87.755623,11,39099.6,11
330.0,Keeler Ave & Roosevelt Rd,11,8,3,0,11,0,0,41.866398,-87.729991,11,17269.6,11
20202,W 103rd St & S Avers Ave,11,1,10,0,11,0,0,41.705859,-87.717085,11,14449.8,11
1213.0,Public Rack - Kostner & Peterson,11,10,1,0,11,0,0,41.989936,-87.738010,11,36383.0,11
20126,S Aberdeen St & W 106th St,11,1,10,0,11,0,0,41.701229,-87.649345,11,20177.1,11
333.0,Kildare & Cermak,11,4,7,0,11,0,0,41.851433,-87.732137,11,24975.2,11
20134,Maryland Ave & 104th St,11,1,10,0,11,0,0,41.705607,-87.602931,11,16476.3,11
1102.0,Public Rack - Central Ave & Pensacola Ave,11,7,4,0,11,0,0,41.960018,-87.767185,11,46341.1,11
1088.0,Public Rack - Natoma Ave & 61st St,11,0,11,0,11,0,0,41.780770,-87.787594,11,10533.5,11
465,Troy Ave & 27th St,11,8,3,0,11,0,0,41.842655,-87.704053,11,32089.3,11
1104.0,Public Rack - Irving Park Rd & Austin Ave,11,5,6,0,11,0,0,41.953093,-87.777123,11,50417.3,11
24194,Laramie Ave & Bloomingdale Ave,11,5,6,1,10,0,0,41.914303,-87.755721,11,68017.3,11
736,Public Rack - Jeffrey Blvd & 71st St,11,9,2,0,11,0,0,41.766329,-87.576167,11,25974.3,11
1145.0,Public Rack - Peterson Ave & Milwaukee Ave,11,2,9,0,11,0,0,41.989826,-87.780929,11,18997.8,11
841,Public Rack - Damen Ave & 47th St,11,2,9,0,11,0,0,41.808877,-87.675139,11,13222.4,11
913,Public Rack - 532 E 43rd St,10,5,5,0,10,0,0,41.816801,-87.613256,10,37715.2,10
452,Richmond St & Lincoln Ave,10,8,2,0,10,0,0,41.988338,-87.703046,10,20863.1,10
647,Racine Ave & 57th St,10,5,5,2,8,0,0,41.789590,-87.654689,10,26293.1,10
23116,Columbus Ave & 83rd Pl,10,1,9,5,5,0,0,41.741352,-87.713642,10,13426.2,10
1172.0,Public Rack - Touhy Ave & Oconto Ave,10,0,10,0,10,0,0,42.011772,-87.807630,10,17407.8,10
1277.0,Public Rack - Peterson Park,10,7,3,0,10,0,0,41.978710,-87.755534,10,25599.5,10
876,Public Rack - Throop St & 109th Pl,10,6,4,0,10,0,0,41.694801,-87.654098,10,1281.2,10
1181.0,Public Rack - Delphina & Foster,10,5,5,0,10,0,0,41.973648,-87.841089,10,20715.6,10
822,Public Rack - Talman Ave & 51st St,10,6,4,0,10,0,0,41.800937,-87.690871,10,31927.9,10
24246,Archer Ave & Homan Ave,10,6,4,2,8,0,0,41.811532,-87.708852,10,17328.2,10
1128.0,Public Rack - 4810 Keeler Ave,10,6,4,0,10,0,0,41.968494,-87.733032,10,10403.0,10
24365,Mason Ave & Montrose Ave,10,7,3,9,1,0,0,41.960560,-87.775880,10,15890.6,10
20227,Bradley Park,9,1,8,5,4,0,0,41.717878,-87.564592,9,5089.1,9
403,Kildare Ave & 55th St,9,2,7,0,9,0,0,41.793351,-87.730589,9,19143.7,9
565,Public Rack - Austin Ave & Wrightwood Ave,9,4,5,0,9,0,0,41.927566,-87.775765,9,13446.1,9
984,Public Rack - Ashland Ave & 91st St,9,9,0,0,9,0,0,41.728390,-87.662734,9,12779.1,9
1214.0,Public Rack - Pulaski & Rosemont,9,7,2,0,9,0,0,41.995214,-87.728983,9,16927.1,9
999,Public Rack - Champlain Ave & 65th St,9,2,7,0,9,0,0,41.775844,-87.609338,9,24724.5,9
1055,Public Rack - Kedzie Ave & Chicago Ave,9,7,2,0,9,0,0,41.895538,-87.706350,9,21372.1,9
1187.0,Public Rack - Odell & Talcott,9,5,4,0,9,0,0,41.987277,-87.810153,9,32627.5,9
20225,Commercial Ave & 100th St,9,3,6,7,2,0,0,41.713316,-87.551112,9,17434.8,9
348,Western Ave & 62nd St,9,2,7,0,9,0,0,41.780983,-87.683461,9,7839.0,9
1219.0,Public Rack - Kimball & Ardmore,9,4,5,0,9,0,0,41.987029,-87.713937,9,30477.4,9
1183.0,Public Rack - Canfield & Victoria,9,4,5,0,9,0,0,41.985040,-87.823172,9,6377.5,9
24199,Monitor Ave & Division St,9,2,7,7,2,0,0,41.901920,-87.771780,9,10777.5,8
1208.0,Public Rack - Central & Prescott,9,2,7,0,9,0,0,41.992783,-87.765585,9,10432.3,9
24130,Western Ave & 81st St,9,3,6,5,4,0,0,41.746421,-87.682580,9,20664.1,9
541,Public Rack - Laramie Ave & Warwick Ave,9,1,8,0,9,0,0,41.948812,-87.757130,9,21541.6,9
24402,Ewing Ave & 106th St,9,2,7,1,8,0,0,41.702673,-87.535644,9,8156.6,9
353,Meade Ave & Diversey Ave,8,2,6,0,8,0,0,41.930862,-87.778458,8,12586.0,8
1271.0,Public Rack - Western & 83rd,8,8,0,0,8,0,0,41.743583,-87.682835,8,15859.0,8
958,Public Rack - State ST & 42nd St,8,2,6,0,8,0,0,41.819084,-87.626413,8,18507.0,8
20221,Torrence Ave & 106th St,8,1,7,4,4,0,0,41.702825,-87.559773,8,10693.7,8
387,St Louis Ave & 59th St,8,6,2,0,8,0,0,41.785876,-87.710557,8,10346.8,8
1033,Public Rack - Pulaski Rd & 65th St,8,3,5,0,8,0,0,41.773567,-87.722789,8,21085.1,8
745,Public Rack - Halsted St & 63rd St,8,7,1,0,8,0,0,41.779844,-87.641456,8,67438.7,8
383,Campbell Ave & 51st St,8,1,7,0,8,0,0,41.800944,-87.686772,8,21335.5,8
20236,Stony Island Ave & 90th St,8,5,3,5,3,0,0,41.731345,-87.585700,8,15406.8,8
1132.0,Public Rack - Lawrence Ave & Kimball Ave,8,4,4,0,8,0,0,41.968298,-87.712627,8,18122.2,8
20111,Olive Harvey College,8,1,7,5,3,0,0,41.709573,-87.590233,8,14071.2,8
1141.0,Public Rack - Holbrook St & Milwaukee Ave,8,5,3,0,8,0,0,41.992287,-87.783306,8,36416.3,8
815,Public Rack - Forrestville Ave & 47th St,8,6,2,0,8,0,0,41.809371,-87.612960,8,28938.7,8
1231.0,Public Rack - Neenah & Archer,8,0,8,0,8,0,0,41.792139,-87.785409,8,17189.6,8
860,Public Rack - Christiana Ave & Lawrence Ave,8,5,3,0,8,0,0,41.968534,-87.712532,8,23314.0,8
859,Public Rack - Spaulding Ave & Foster Ave,8,7,1,0,8,0,0,41.975864,-87.710277,8,10712.4,8
21375,Long Ave & North Ave,8,0,8,1,7,0,0,41.909177,-87.760955,8,21886.0,8
695,Public Rack - Western Ave & 100th St,8,4,4,0,8,0,0,41.711748,-87.681946,8,11178.3,8
1087.0,Public Rack - Sayre Ave & 59th St,8,0,8,0,8,0,0,41.784683,-87.795832,8,7813.0,8
23124,Wood St & 84th St,8,2,6,5,3,0,0,41.741193,-87.668135,8,499.1,6
1197.0,Public Rack - Northwest Hwy & Bryn Mawr,8,5,3,0,8,0,0,41.983003,-87.782647,8,35055.4,8
327,Plainfield & Irving Park,8,0,8,0,8,0,0,41.952031,-87.833240,8,4638.5,8
20133,Woodlawn & 103rd,8,1,7,0,8,0,0,41.707338,-87.593990,8,8583.8,8
24347,Hamilton Park,8,1,7,2,6,0,0,41.762516,-87.637352,8,12906.5,8
482,Public Rack - Chase Ave & Touhy Ave - NE,8,4,4,0,8,0,0,42.014558,-87.690133,8,10416.3,8
1028,Public Rack - Whipple St & 63rd St,8,2,6,0,8,0,0,41.778842,-87.699777,8,10907.2,8
24279,Lawndale Ave & 59th St,8,3,5,3,5,0,0,41.786380,-87.715700,8,17476.8,8
874,Public Rack - Elizabeth St & 115th St,8,6,2,0,8,0,0,41.684942,-87.652660,8,9749.4,8
365.0,Kildare Ave & 26th St,7,1,6,0,7,0,0,41.844227,-87.732229,7,4867.9,7
378,Nordica & Medill,7,1,6,0,7,0,0,41.922278,-87.802051,7,15585.5,7
875,Public Rack - Halsted St & 111th St,7,6,1,0,7,0,0,41.691891,-87.642502,7,10549.4,7
836,Public Rack - Kedzie Ave & Archer Ave,7,1,6,0,7,0,0,41.813605,-87.704852,7,3479.6,7
652,Rhodes Ave & 71st St,7,3,4,2,5,0,0,41.761306,-87.603723,7,16213.6,7
325,Harlem Ave & Grace St,7,2,5,0,7,0,0,41.948928,-87.806840,7,11501.9,7
1091.0,Public Rack - Mulligan Ave & 56th St,7,1,6,0,7,0,0,41.790514,-87.780002,7,15680.3,7
407,Tripp Ave & 65th St,7,0,7,0,7,0,0,41.774953,-87.728835,7,14322.3,7
1222.0,Public Rack - Central Park & Bryn Mawr,7,3,4,0,7,0,0,41.982885,-87.719581,7,13614.7,7
1227.0,Public Rack - Monticello & Lawrence,7,2,5,0,7,0,0,41.968138,-87.719494,7,40669.9,7
1279.0,Public Rack - Richard Daley College,7,0,7,0,7,0,0,41.754815,-87.723647,7,7605.3,7
937,Public Rack - King Dr & 115th St,7,2,5,0,7,0,0,41.685325,-87.613355,7,11747.7,7
679,Public Rack - Western Ave & 111th St - SW,7,3,4,0,7,0,0,41.691635,-87.681624,7,15841.1,7
972,Public Rack - Normal Ave & 111th St,7,0,7,0,7,0,0,41.692345,-87.635518,7,14776.7,7
722,Public Rack - Racine Ave & 74th St,7,7,0,0,7,0,0,41.759430,-87.654037,7,6101.8,7
336,La Villita Park (Albany/30th),7,0,7,0,7,0,0,41.839267,-87.702038,7,14755.2,7
1058,Public Rack - Kildare Ave & North Ave,7,4,3,0,7,0,0,41.909888,-87.734030,7,9663.6,7
1192.0,Public Rack - Central & Leland,7,2,5,0,7,0,0,41.965405,-87.767359,7,20675.2,7
1242.0,Public Rack - Cicero & 64th,7,0,7,0,7,0,0,41.776467,-87.742426,7,13225.8,7
20243,Michigan Ave & 114th St,7,2,5,2,5,0,0,41.687023,-87.621078,7,16055.6,7
629,Public Rack - Michigan Ave & 96th St,7,0,7,0,7,0,0,41.718849,-87.620716,7,14601.1,7
20237,Yates Blvd & 93rd St,7,1,6,5,2,0,0,41.726166,-87.566276,7,9692.6,6
1129.0,Public Rack - Elston Ave & Kenneth Ave,7,5,2,0,7,0,0,41.967612,-87.739624,7,29970.0,7
885,Public Rack - Ada St & 79th St,7,5,2,0,7,0,0,41.750546,-87.657206,7,18391.7,7
954,Public Rack - Prairie Ave & Garfield Blvd N,7,2,5,0,7,0,0,41.794809,-87.618907,7,18427.3,7
1122.0,Public Rack - Winona St & Elston Ave,7,3,4,0,7,0,0,41.974357,-87.750395,7,31871.6,7
856,Public Rack - Sawyer Ave & Bryn Mawr Ave - SW,7,3,4,0,7,0,0,41.982886,-87.710591,7,17631.6,7
24362,Wentworth Ave & 92nd St,7,3,4,0,7,0,0,41.727140,-87.628860,7,9668.8,7
24375,Wabash Ave & 59th St,7,2,5,1,6,0,0,41.787150,-87.623950,7,35575.9,7
24420,Michigan Ave & 105th St,7,0,7,0,7,0,0,41.703460,-87.620370,7,4658.3,7
24407,Baltimore Ave & 133rd St,7,1,6,1,6,0,0,41.653490,-87.547030,7,7356.4,7
615,Public Rack - Avenue J & 106th St,6,1,5,0,6,0,0,41.702690,-87.533476,6,30735.2,6
334.0,Lawndale Ave & 30th St,6,0,6,0,6,0,0,41.838907,-87.716833,6,14415.2,6
690,Public Rack - Western Ave & 106th St - East,6,0,6,0,6,0,0,41.700450,-87.681349,6,8014.2,6
524,Public Rack - Central Park Ave & Fillmore St,6,3,3,0,6,0,0,41.868078,-87.715582,6,10595.2,6
337,Hoyne Ave & 34th St,6,2,4,0,6,0,0,41.832009,-87.677850,6,6314.0,6
339,Sacramento Ave & Pershing Rd,6,2,4,0,6,0,0,41.822310,-87.699653,6,4166.0,6
1118.0,Public Rack - Mont Clare Ave & Higgins Ave,6,5,1,0,6,0,0,41.980648,-87.805052,6,9738.1,6
345,Artesian Ave & 55th St,6,3,3,0,6,0,0,41.794041,-87.685813,6,18327.1,6
366.0,Spaulding Ave & 16th St,6,5,1,0,6,0,0,41.858925,-87.707964,6,2247.9,6
371,Kildare Ave & Chicago Ave,6,1,5,0,6,0,0,41.895437,-87.733546,6,15579.0,6
566,Public Rack - Narragansett Ave & Fullerton Ave,6,3,3,0,6,0,0,41.923774,-87.784458,6,9026.8,6
890,Public Rack - Colfax Ave & 83rd St,6,3,3,0,6,0,0,41.744648,-87.561073,6,7436.3,6
696,Public Rack - Hamilton Ave & 95th St,6,1,5,0,6,0,0,41.720937,-87.676482,6,17353.8,6
805,Public Rack - Neva Ave & Grand Ave,6,3,3,0,6,0,0,41.923789,-87.804821,6,26191.2,6
1103.0,Public Rack - Irving Park Rd & Menard Ave,6,3,3,0,6,0,0,41.953228,-87.772265,6,14594.5,6
1177.0,Public Rack - Sayer & Northwest Hwy,6,2,4,0,6,0,0,41.994376,-87.802550,6,11345.1,6
1029,Public Rack - Maplewood Ave & 63rd St,6,2,4,0,6,0,0,41.779196,-87.686622,6,4342.1,6
1107.0,Public Rack - Milwaukee Ave & Warner Ave,6,4,2,0,6,0,0,41.956281,-87.750789,6,30373.8,6
1201.0,Public Rack - Austin & Higgins,6,3,3,0,6,0,0,41.973074,-87.777860,6,4258.5,6
20119,Elizabeth St & 92nd St,6,2,4,1,5,0,0,41.726821,-87.654324,6,7827.4,6
18025,Carpenter St & 63rd St,6,1,5,0,6,0,0,41.779891,-87.650948,6,6371.4,6
1176.0,Public Rack - Imlay & Milwaukee,6,0,6,0,6,0,0,41.998983,-87.789571,6,14930.3,6
558,Public Rack - Michele Clark Magnet High School,6,5,1,0,6,0,0,41.872856,-87.753399,6,26914.4,6
988,Public Rack - Western Ave & 110th St,6,5,1,0,6,0,0,41.694456,-87.681492,6,5487.2,6
724,Public Rack - Halsted St & 76th St,6,1,5,0,6,0,0,41.755889,-87.644121,6,6093.4,6
1146.0,Public Rack - Bryn Mawr Ave & Milwaukee Ave,6,0,6,0,6,0,0,41.982880,-87.774415,6,8888.9,6
1056,Public Rack - Sawyer Ave & Chicago Ave,6,5,1,0,6,0,0,41.895493,-87.708134,6,15068.8,6
556,Throop St & 52nd St,6,5,1,2,4,0,0,41.813825,-87.672746,6,6741.3,6
509,Public Rack - Mozart Elementary School,6,4,2,0,6,0,0,41.921309,-87.722300,6,34320.6,6
24321,Oconto Ave & Belmont Ave,6,2,4,4,2,0,0,41.937830,-87.807880,6,11590.2,6
21363,Tripp Ave & 15th St,6,3,3,1,5,0,0,41.860763,-87.731366,6,6893.0,6
24220,Homan Ave & Arthington Ave,6,5,1,1,5,0,0,41.869630,-87.710550,6,12630.7,6
24250,Rockwell St & 47th St,6,2,4,5,1,0,0,41.808530,-87.689420,6,7637.0,6
21340,Pulaski Rd & Ann Lurie Pl,6,2,4,5,1,0,0,41.816440,-87.724800,6,10468.3,6
902,Public Rack - Hoyne Ave & 110th Pl,5,4,1,0,5,0,0,41.692333,-87.674009,5,5884.0,5
1133.0,Public Rack - Bernard St & Foster Ave,5,2,3,0,5,0,0,41.975699,-87.712803,5,8569.9,5
386,Rockwell St & 57th St,5,0,5,0,5,0,0,41.790394,-87.688927,5,4974.3,5
832,Public Rack - Christiana Ave & Archer Ave,5,1,4,0,5,0,0,41.811822,-87.707811,5,6074.3,5
757,Public Rack - Kedzie Ave & 63rd St,5,3,2,0,5,0,0,41.778806,-87.703000,5,6070.1,5
338,California Ave & 36th St,5,0,5,0,5,0,0,41.828239,-87.694522,5,12792.3,5
791,Public Rack - Mason Ave & Roosevelt Rd,5,2,3,0,5,0,0,41.865588,-87.772404,5,4795.0,5
367,Mayfield & Roosevelt Rd,5,4,1,0,5,0,0,41.865715,-87.771734,5,12170.6,5
1095.0,Public Rack - Mobile Ave & Archer Ave,5,2,3,0,5,0,0,41.792872,-87.780330,5,5139.3,5
498,Public Rack - Avondale Ave & Addison St,5,2,3,0,5,0,0,41.946518,-87.719908,5,11256.7,5
563,Public Rack - Central Ave & George St,5,4,1,0,5,0,0,41.932606,-87.766251,5,13255.7,5
1018,Public Rack - Kostner Ave & Wrightwood Ave,5,5,0,0,5,0,0,41.927864,-87.735812,5,7589.6,5
741,Public Rack - The Montessori School of Englewood,5,1,4,0,5,0,0,41.767699,-87.667667,5,10548.0,5
947,Public Rack - Exchange Ave & 73rd Pl,5,5,0,0,5,0,0,41.762588,-87.563956,5,17779.6,5
552,Public Rack - Cicero Ave & Cortland St - midblock,5,3,2,0,5,0,0,41.915668,-87.745950,5,12172.0,5
734,Public Rack - South Shore High School,5,2,3,0,5,0,0,41.756456,-87.579652,5,7552.0,5
379,Rockwell St & Archer Ave,5,2,3,0,5,0,0,41.823381,-87.689608,5,10887.8,5
20130,Wentworth Ave & 104th St,5,1,4,2,3,0,0,41.705316,-87.629080,5,4902.7,5
672,Public Rack - Buffalo Ave & 133rd St,5,0,5,0,5,0,0,41.654305,-87.543616,5,4085.0,5
24144,Central Park Ave & 66th St,5,1,4,0,5,0,0,41.773322,-87.712813,5,11265.8,5
1149.0,Public Rack - Lemont Ave & Keating Ave,5,4,1,0,5,0,0,41.991262,-87.746954,5,27350.3,5
968,Public Rack - Leclaire Ave & Division St,5,3,2,0,5,0,0,41.902100,-87.753051,5,3235.2,5
665,South Chicago Ave & Elliot Ave,5,3,2,0,5,0,0,41.747355,-87.580034,5,7587.5,5
975,Public Rack - Perry Ave & 111th St,5,3,2,0,5,0,0,41.692712,-87.626509,5,5907.1,5
522,Public Rack - Lawndale Ave & Polk St,5,4,1,0,5,0,0,41.870771,-87.718342,5,12971.6,5
1084.0,Public Rack - Linder Ave & 64th Pl,5,1,4,0,5,0,0,41.775510,-87.757992,5,4042.0,5
1229.0,Public Rack - Nordica & Archer,5,1,4,0,5,0,0,41.792291,-87.797683,5,5828.9,5
1059,Public Rack - Garfield Park Conservatory,5,4,1,0,5,0,0,41.886568,-87.716663,5,9298.8,5
1240.0,Public Rack - Parkside & 63rd,5,1,4,0,5,0,0,41.778203,-87.763024,5,9272.5,5
792,Public Rack - Menard Ave & Adams Blvd,5,3,2,0,5,0,0,41.877647,-87.769362,5,34243.2,5
697,Public Rack - Longwood Dr & 95th St,5,3,2,0,5,0,0,41.720921,-87.669585,5,10133.3,5
686,Public Rack - Kedzie & 103rd St - W,5,2,3,0,5,0,0,41.705164,-87.701427,5,9347.8,5
24257,Archer Ave & 49th St,5,1,4,2,3,0,0,41.804200,-87.720820,5,3195.8,5
1013,Public Rack - Pulaski Rd & Lake St,5,4,1,0,5,0,0,41.885577,-87.726060,5,2929.9,5
1206.0,Public Rack - Linder & Elston,5,1,4,0,5,0,0,41.983614,-87.765798,5,4900.4,5
24379,Martin Luther King Dr & 87th St,5,1,4,2,3,0,0,41.736770,-87.614390,5,11103.5,5
516,Public Rack - Kenton Ave & Palmer St,5,1,4,0,5,0,0,41.920664,-87.741903,5,15226.0,5
751,Public Rack - Kimbark Ave & 67th St,5,2,3,0,5,0,0,41.774110,-87.594357,5,9449.8,5
24392,Commercial Ave & 90th St,5,2,3,2,3,0,0,41.731973,-87.551061,5,7823.2,5
24412,Stewart Ave & 123rd St,5,0,5,2,3,0,0,41.670596,-87.632427,5,7819.8,4
1215.0,Public Rack - Avers & Granville,5,0,5,0,5,0,0,41.993947,-87.725095,5,12129.4,5
24401,Ewing Ave & 98th St,5,1,4,4,1,0,0,41.717810,-87.535040,5,4979.8,5
24398,Commercial Ave & 97th St,5,3,2,3,2,0,0,41.718930,-87.551120,5,12092.9,5
24335,Newcastle Ave & Irving Park Rd,5,3,2,4,1,0,0,41.952560,-87.797550,5,14281.3,4
938,Public Rack - Michigan Ave & 107th St,4,1,3,0,4,0,0,41.699637,-87.621004,4,4577.0,4
1148.0,Public Rack - Pulaski Rd & Stevens Ave,4,3,1,0,4,0,0,41.991097,-87.729037,4,7655.6,4
564,Public Rack - Austin Ave & Wellington Ave,4,3,1,1,3,0,0,41.815348,-87.684761,4,13212.6,4
547,Public Rack - Cicero Ave & Wrightwood Ave,4,4,0,0,4,0,0,41.927966,-87.746678,4,11080.1,4
1057,Public Rack - Tripp Ave & North Ave,4,2,2,0,4,0,0,41.909950,-87.732872,4,12090.4,4
1109.0,Public Rack - Milwaukee Ave & Sunnyside Ave,4,3,1,0,4,0,0,41.962536,-87.756072,4,2592.6,4
626,Public Rack - Halsted St & 95th St - SW,4,3,1,0,4,0,0,41.720864,-87.643375,4,9945.7,4
581,Public Rack - Baltimore Ave & 133rd St,4,1,3,0,4,0,0,41.653635,-87.546951,4,1948.2,4
830,Public Rack - Pulaski & 52nd,4,2,2,0,4,0,0,41.797184,-87.723391,4,4905.6,4
692,Public Rack - Western Ave & 104th St - East,4,1,3,0,4,0,0,41.704424,-87.681692,4,3810.9,4
819,Public Rack - Robert Fulton Elementary School,4,1,3,0,4,0,0,41.797517,-87.668571,4,4744.7,4
742,Public Rack - Ashland Ave & 71st St,4,2,2,0,4,0,0,41.765881,-87.664384,4,6369.9,4
1068,Public Rack - Kedvale Ave & 26th St,4,4,0,0,4,0,0,41.844247,-87.727953,4,23709.3,4
393,Oketo Ave & Addison St,4,0,4,0,4,0,0,41.944960,-87.811936,4,12653.0,4
305,Menard Ave & Division St,4,3,1,0,4,0,0,41.902256,-87.770475,4,11385.6,4
539,Public Rack - Eli Whitney Public School,4,3,1,0,4,0,0,41.840179,-87.725541,4,6414.2,4
964,Public Rack - Lockwood Ave & Diversey Ave,4,4,0,0,4,0,0,41.931489,-87.759063,4,15751.5,4
995,Public Rack - King Dr & 71st St,4,3,1,0,4,0,0,41.765824,-87.614797,4,5827.9,4
20209,S Michigan Ave & E 118th St,4,2,2,0,4,0,0,41.679830,-87.620811,4,11608.7,4
986,Public Rack - Clyde Ave & 87th St,4,1,3,0,4,0,0,41.737166,-87.572983,4,3249.2,4
483,Public Rack - Western Ave & Jarvis Ave,4,2,2,0,4,0,0,42.016454,-87.690300,4,3964.8,4
1173.0,Public Rack - Octavia Ave & Touhy Ave,4,0,4,0,4,0,0,42.011741,-87.808400,4,3132.8,4
20240,Indiana Ave & 133rd St,4,0,4,0,4,0,0,41.653680,-87.617095,4,4931.2,4
20129,Ada St & 113th St,4,1,3,3,1,0,0,41.687576,-87.654805,4,5709.6,4
698,Public Rack - Bell Ave & 95th St,4,2,2,0,4,0,0,41.721175,-87.678761,4,1472.9,4
927,Public Rack - Michigan Ave & 119th St,4,3,1,0,4,0,0,41.677957,-87.620796,4,4810.2,4
1178.0,Public Rack - Harlem & Palatine,4,3,1,0,4,0,0,41.995496,-87.806988,4,19829.6,4
978,Public Rack - Ave N & 106th St,4,0,4,0,4,0,0,41.702641,-87.538717,4,2185.8,4
1194.0,Public Rack - Norwood Park,4,0,4,0,4,0,0,41.986591,-87.793924,4,11733.9,4
1100.0,Public Rack - Melvina Ave & Montrose Ave,4,2,2,0,4,0,0,41.958862,-87.781990,4,11235.9,4
1234.0,Public Rack - Linder & 51st,4,0,4,0,4,0,0,41.799946,-87.760003,4,2491.9,4
979,Public Rack - Ewing Ave & 107th St,4,0,4,0,4,0,0,41.700368,-87.535335,4,18702.9,4
737,Public Rack - Chappel Ave & 71st St,4,1,3,0,4,0,0,41.766366,-87.575287,4,1264.5,4
603,Public Rack - Harvard Ave & 103rd St,4,0,4,0,4,0,0,41.706863,-87.631674,4,3505.9,4
817,Public Rack - Lowe Park,4,4,0,0,4,0,0,41.799481,-87.641548,4,16418.5,4
934,Public Rack - Kostner Ave & 16th St,4,2,2,0,4,0,0,41.858802,-87.734302,4,2226.1,4
793,Public Rack - Central Ave & Corcoran Pl,4,2,2,0,4,0,0,41.887329,-87.765155,4,2454.5,4
782,Public Rack - Linder Ave & Archer Ave,4,2,2,0,4,0,0,41.795991,-87.759691,4,17268.1,4
24395,Burley Ave & 91st St,4,2,2,3,1,0,0,41.730540,-87.545580,4,2665.0,4
24363,Portage Park,4,3,1,4,0,0,0,41.956070,-87.764720,4,1679.3,4
719,Public Rack - Ashland Ave & 76th St,4,4,0,0,4,0,0,41.755960,-87.663910,4,2732.7,4
936,Public Rack - Houston Ave & 130th St,4,0,4,0,4,0,0,41.658962,-87.548528,4,7481.4,4
920,Public Rack - Pullman - Ross Dress for Less,4,0,4,0,4,0,0,41.698680,-87.597000,4,6360.5,4
847,Public Rack - Brandon Ave & 91st St,3,3,0,0,3,0,0,41.730224,-87.546706,3,5008.3,3
823,Public Rack - Kedzie Ave & 54th St - SE,3,1,2,0,3,0,0,41.794218,-87.703426,3,2964.6,3
921,Public Rack - Pullman - Planet Fitness,3,1,2,0,3,0,0,41.697739,-87.597855,3,10027.2,3
332.0,Harding Ave & 26th St,3,3,0,0,3,0,0,41.844476,-87.723205,3,10949.2,3
302,Lamon Ave & Chicago Ave,3,0,3,0,3,0,0,41.895203,-87.748373,3,5385.5,3
401,Kildare Ave & 47th St,3,1,2,0,3,0,0,41.807661,-87.730839,3,7801.2,3
916,Public Rack - Wood St & 47th St,3,3,0,0,3,0,0,41.808685,-87.669968,3,9100.4,3
744,Public Rack - Halsted St & 64th St,3,0,3,0,3,0,0,41.777607,-87.644622,3,5657.6,3
301,Monticello Ave & Chicago Ave,3,2,1,0,3,0,0,41.895210,-87.717444,3,78.0,3
496,Public Rack - Kedvale Ave & Avondale Ave,3,3,0,0,3,0,0,41.952862,-87.731168,3,4331.5,3
1090.0,Public Rack - Minuteman Park,3,0,3,0,3,0,0,41.785026,-87.762592,3,102.3,3
421,Albany Ave & Douglas Blvd,3,0,3,0,3,0,0,41.863262,-87.703019,3,8032.5,3
908,Public Rack - Normal Blvd & 61st Pl,3,1,2,0,3,0,0,41.782060,-87.637455,3,3887.7,3
973,Public Rack - Halsted St & 113th St,3,1,2,0,3,0,0,41.688517,-87.642475,3,4037.0,3
1106.0,Public Rack - Irving Park Rd & Melvina Ave,3,1,2,0,3,0,0,41.952881,-87.780729,3,6815.9,3
762,Public Rack - Kenneth Ave & 63rd St W,3,0,3,0,3,0,0,41.778434,-87.734036,3,12865.0,3
548,Public Rack - Cicero Ave & Altgeld St,3,2,1,0,3,0,0,41.925734,-87.746442,3,9702.5,3
891,Public Rack - Marquette Ave & 83rd St,3,2,1,0,3,0,0,41.744666,-87.558651,3,3447.2,3
329.0,Central Park Ave & Douglas Blvd,3,0,3,0,3,0,0,41.862365,-87.715864,3,3783.3,3
869,Public Rack - Homan Ave & 26th St,3,1,2,0,3,0,0,41.844526,-87.710073,3,4327.7,3
640,Public Rack - Morgan St & 87th St,3,2,1,0,3,0,0,41.735943,-87.648160,3,246.4,3
699,Public Rack - Cottage Grove Ave & 98th St,3,2,1,0,3,0,0,41.716204,-87.604358,3,4445.6,3
1218.0,Public Rack - Central Park & Peterson,3,3,0,0,3,0,0,41.990136,-87.718747,3,5095.3,3
956,Public Rack - King Dr & Oakwood Blvd,3,1,2,0,3,0,0,41.822798,-87.616509,3,4987.6,3
798,Public Rack - Menard Ave & Agusta Blvd,3,3,0,0,3,0,0,41.898321,-87.770477,3,9166.3,3
691,Public Rack - Western Ave & 105th St,3,2,1,0,3,0,0,41.702723,-87.681464,3,3989.7,3
709,Public Rack - Halsted St & 94th St,3,2,1,0,3,0,0,41.723387,-87.643419,3,9633.9,3
852,Public Rack - Kildare Ave & Washignton Blvd,3,1,2,0,3,0,0,41.881883,-87.733682,3,10593.9,3
667,Public Rack - Jeffery Blvd & 83rd St,3,2,1,0,3,0,0,41.744365,-87.574989,3,3604.8,3
481,Public Rack - Chase Ave & Touhy Ave - NW,3,1,2,0,3,0,0,42.014271,-87.690408,3,3853.0,3
1221.0,Public Rack - Pulaski & Ardmore,3,1,2,0,3,0,0,41.985735,-87.728351,3,6098.7,3
20128,S Wentworth Ave & W 111th St,3,0,3,0,3,0,0,41.692618,-87.628052,3,4337.7,3
1015,Public Rack - Peterson Ave & Drake Ave,3,2,1,0,3,0,0,41.990119,-87.717337,3,9964.9,3
838,Public Rack - Piotrowski Park,3,1,2,0,3,0,0,41.836682,-87.730830,3,417.0,3
1163.0,Public Rack - Devon Ave & Minnehaha Ave (west),3,1,2,0,3,0,0,41.997384,-87.763064,3,3073.3,3
20210,State St & 123rd St,3,0,3,2,1,0,0,41.670644,-87.622586,3,1680.1,3
1137.0,Public Rack - Nina Ave & Avondale Ave,3,2,1,0,3,0,0,41.991154,-87.799103,3,8232.6,3
1040,Public Rack - Talman Ave & Pershing Rd,3,2,1,0,3,0,0,41.822645,-87.690699,3,15953.7,3
1162.0,Public Rack - Leoti Ave & Central Ave (north),3,2,1,0,3,0,0,41.998155,-87.763610,3,6049.8,3
733,Public Rack - East End Ave & 75th St,3,1,2,0,3,0,0,41.758893,-87.582688,3,2687.6,3
1035,Public Rack - Western Ave & 62nd St,3,1,2,0,3,0,0,41.780947,-87.683772,3,2563.9,3
24240,Kedzie Ave & 38th St,3,1,2,2,1,0,0,41.824440,-87.704930,3,4267.0,3
1105.0,Public Rack - Irving Park Rd & Parkside Ave,3,2,1,0,3,0,0,41.953054,-87.688832,3,6510.9,3
1114.0,Public Rack - Montrose Ave & Lavergne Ave,3,1,2,0,3,0,0,41.960617,-87.751662,3,1151.2,3
24132,Damen Ave & 77th St,3,2,1,2,1,0,0,41.754203,-87.673224,3,2438.4,3
1217.0,Public Rack - Christiana & Lincoln,3,3,0,0,3,0,0,41.993460,-87.712734,3,9633.6,3
1025,Public Rack - Sangamon St & 87th St,3,2,1,0,3,0,0,41.735861,-87.646869,3,4456.6,3
1168.0,Public Rack - Hiawatha Ave & Minnehaha Ave,3,1,2,0,3,0,0,41.999522,-87.760490,3,3326.0,3
1117.0,Public Rack - Nordica Ave & Higgins Ave,3,1,2,0,3,0,0,41.980152,-87.802266,3,2754.8,3
844,Public Rack - Bishop St & 46th St,3,3,0,0,3,0,0,41.809940,-87.661522,3,2676.9,3
1196.0,Public Rack - Mulligan & Northwest Hwy,3,2,1,0,3,0,0,41.985382,-87.786732,3,4523.6,3
735,Public Rack - Stony Is Ave & 73rd St,3,2,1,0,3,0,0,41.762265,-87.585469,3,5878.5,3
24135,Homan Ave & 77th St,3,0,3,3,0,0,0,41.753740,-87.707510,3,0.0,3
764,Public Rack - Kedvale Ave & 63rd St E,3,2,1,0,3,0,0,41.778768,-87.725957,3,1891.8,3
1191.0,Public Rack - Central & Berteau,3,2,1,0,3,0,0,41.956879,-87.767369,3,15599.1,3
23129,Mozart St & 79th St,3,3,0,3,0,0,0,41.749702,-87.693917,3,860.7,3
1278.0,Public Rack - Wentworth Park,3,2,1,0,3,0,0,41.788780,-87.779640,3,8172.1,3
1038,Public Rack - Kedzie Ave & 62nd Pl,3,1,2,0,3,0,0,41.780148,-87.703338,3,1146.8,3
24352,Vincennes Ave & 79th St,3,2,1,2,1,0,0,41.750600,-87.634090,3,3303.3,3
24400,Ewing Ave & 97th St,3,1,2,0,3,0,0,41.719820,-87.535420,3,4547.4,3
24263,Sacramento Ave & 51st St,3,1,2,2,1,0,0,41.800680,-87.698950,3,1917.1,3
24333,Oriole Ave & Irving Park Rd,3,1,2,2,1,0,0,41.952240,-87.816970,3,5667.0,3
533,Public Rack - Avers Ave & Ogden Ave,3,1,2,0,3,0,0,41.852642,-87.721030,3,5686.5,3
542,Public Rack - Chopin Park,3,0,3,0,3,0,0,41.942675,-87.761899,3,4497.3,3
551,Public Rack - Cicero Ave & North Ave,3,3,0,0,3,0,0,41.909329,-87.745838,3,1825.7,3
1097.0,Public Rack - Meade Ave & Archer Ave,2,0,2,0,2,0,0,41.794035,-87.774081,2,1636.2,2
790,Public Rack - Central Ave & Adams St,2,1,1,0,2,0,0,41.878278,-87.764794,2,1382.4,2
20118,Eggleston Ave & 92nd St,2,1,1,0,2,0,0,41.727607,-87.634845,2,3657.3,2
911,Public Rack - Emerald Ave & 43rd St,2,2,0,0,2,0,0,41.816376,-87.644672,2,15663.5,2
717,Public Rack - Mackinaw Ave & 85th St,2,0,2,0,2,0,0,41.742120,-87.543131,2,2256.5,2
368.0,Tripp Ave & 31st St,2,0,2,0,2,0,0,41.836968,-87.730489,2,3004.4,2
375,Long Ave & North Ave,2,2,0,0,2,0,0,41.909191,-87.760938,2,4859.7,2
825,Public Rack - Kedzie Ave & 54th St - SW,2,1,1,0,2,0,0,41.795217,-87.703711,2,1454.3,2
303,Kildare Ave & Division St,2,0,2,0,2,0,0,41.902288,-87.733559,2,4026.1,2
1210.0,Public Rack - Cicero & Rosemont,2,2,0,0,2,0,0,41.995620,-87.748591,2,8885.5,2
1147.0,Public Rack - Kedvale Ave & Peterson Ave,2,1,1,0,2,0,0,41.990130,-87.732115,2,13349.9,2
772,Public Rack - Kedzie Ave & 61st Pl E,2,2,0,0,2,0,0,41.782244,-87.703141,2,716.1,2
363.0,Tripp Ave & 15th St,2,0,2,0,2,0,0,41.860720,-87.731368,2,1545.4,2
787,Public Rack - Lake Park Ave & 44th St,2,1,1,0,2,0,0,41.814654,-87.598059,2,8189.6,2
990,Public Rack - Western Ave & 107th Pl,2,1,1,0,2,0,0,41.697990,-87.681232,2,3302.6,2
1167.0,Public Rack - Leoti Ave & Central Ave (south),2,2,0,0,2,0,0,41.998344,-87.763493,2,6267.3,2
1023,Public Rack - Brainerd Park,2,1,1,0,2,0,0,41.726940,-87.654884,2,607.0,2
1034,Public Rack - Kenneth Ave & 63rd St E,2,0,2,0,2,0,0,41.778529,-87.733351,2,2710.8,2
388,Richmond St & 59th St,2,0,2,0,2,0,0,41.786588,-87.697316,2,2056.7,2
1233.0,Public Rack - McVicker & 52nd,2,0,2,0,2,0,0,41.797982,-87.772979,2,1111.5,2
1230.0,Public Rack - Newcastle & Archer,2,0,2,0,2,0,0,41.792300,-87.792888,2,2136.1,2
840,Public Rack - Marshfield Ave & 45th St,2,2,0,0,2,0,0,41.812341,-87.666213,2,2111.0,2
943,Public Rack - Paxton Ave & 79th St,2,1,1,0,2,0,0,41.751705,-87.570316,2,2310.3,2
904,Public Rack - Walden Pkwy & 99th St,2,0,2,0,2,0,0,41.713887,-87.667997,2,3533.5,2
886,Public Rack - Laflin St & 79th St,2,2,0,0,2,0,0,41.750315,-87.661819,2,3005.8,2
743,Public Rack - May St & 63rd St,2,1,1,0,2,0,0,41.779674,-87.653145,2,1367.7,2
1170.0,Public Rack - Ottowa Ave & Touhy Ave,2,1,1,0,2,0,0,42.011494,-87.818215,2,6943.3,2
989,Public Rack - 10557 S Western Ave,2,2,0,0,2,0,0,41.701776,-87.681433,2,2076.2,2
1130.0,Public Rack - Elston Ave & Gunnison St,2,1,1,0,2,0,0,41.968586,-87.740604,2,1580.1,2
304,Lavergne Ave & Division St,2,0,2,0,2,0,0,41.902416,-87.751055,2,2876.8,2
1207.0,Public Rack - Parkside & Elston,2,2,0,0,2,0,0,41.985591,-87.769687,2,3780.9,2
758,Public Rack - Washtenaw Ave & 63rd St,2,2,0,0,2,0,0,41.779255,-87.691271,2,3662.9,2
1135.0,Public Rack - Higgins Ave & Neva Ave,2,1,1,0,2,0,0,41.980672,-87.805891,2,3362.9,2
1179.0,Public Rack - Oketo & Northwest Hwy,2,1,1,0,2,0,0,42.000355,-87.812470,2,4013.2,2
944,Public Rack - Jeffery Blvd & 81st St,2,2,0,0,2,0,0,41.749361,-87.575858,2,5263.5,2
1238.0,Public Rack - Austin & 62nd,2,0,2,0,2,0,0,41.779773,-87.771454,2,2697.2,2
1127.0,Public Rack - Karlov Ave & Lawrence Ave,2,2,0,0,2,0,0,41.968277,-87.729989,2,4756.2,2
1169.0,Public Rack - Brooks Park,2,1,1,0,2,0,0,42.004415,-87.807063,2,9954.1,2
730,Public Rack - Cottage Grove Ave & 75th St,2,1,1,0,2,0,0,41.758739,-87.605769,2,558.6,2
538,Public Rack - Karlov Ave & 26th St,2,1,1,0,2,0,0,41.844214,-87.727215,2,594.9,2
853,Public Rack - Keeler Ave & Madison St S,2,2,0,0,2,0,0,41.880531,-87.731063,2,1438.0,2
731,Public Rack - Paul Revere Elementary School,2,1,1,0,2,0,0,41.764225,-87.600166,2,1314.1,2
1047,Public Rack - Maplewood Ave & 47th St,2,1,1,0,2,0,0,41.808443,-87.688560,2,280.9,2
763,Public Rack - Kildare Ave & 63rd St,2,1,1,0,2,0,0,41.778442,-87.730470,2,168.5,2
24253,Lamon Ave & 47th St,2,0,2,1,1,0,0,41.807810,-87.745690,2,639.6,2
969,Public Rack - Lamon Ave & Erie St,2,1,1,0,2,0,0,41.892151,-87.746535,2,3310.1,2
1157.0,Public Rack - Northwest Hwy & Neva Ave,2,1,1,0,2,0,0,41.995855,-87.805097,2,4070.7,2
1043,Public Rack - Loomis Blvd & 47th St,2,1,1,0,2,0,0,41.808769,-87.660292,2,5359.8,2
946,Public Rack - Vincennes Ave & 77th St,2,2,0,0,2,0,0,41.757027,-87.565013,2,7870.9,2
617,Public Rack - Morgan St & 95th St,2,1,1,0,2,0,0,41.721215,-87.647435,2,3092.8,2
628,Public Rack - Abbott Park,2,0,2,0,2,0,0,41.721696,-87.622278,2,1209.6,2
532,Public Rack - Central Park Ave & Ogden Ave,2,2,0,0,2,0,0,41.854338,-87.715158,2,1123.1,2
785,Public Rack - Princeton Ave & 43rd St,2,2,0,0,2,0,0,41.815725,-87.633744,2,4734.0,2
1054,Public Rack - Division St & Christiana Ave,2,2,0,0,2,0,0,41.902540,-87.710850,2,7359.4,2
773,"Public Rack - Senka ""Edward Duke"" Park",2,2,0,0,2,0,0,41.790689,-87.710996,2,5175.7,2
1185.0,Public Rack - W. Talcott & N. Oriole,2,2,0,0,2,0,0,41.990637,-87.816938,2,1981.0,2
1024,Public Rack - May St & 87th St,2,2,0,0,2,0,0,41.735637,-87.651760,2,602.9,2
1198.0,Public Rack - Oak Park & Higgins,2,1,1,0,2,0,0,41.978904,-87.796264,2,4136.5,2
1069,Public Rack - Komensky Ave & 26th St,2,1,1,0,2,0,0,41.844184,-87.726347,2,542.8,2
1065,Public Rack - Homan Ave & Roosevelt,2,0,2,0,2,0,0,41.866490,-87.710786,2,3425.0,2
868,Public Rack - Kildare Ave & Division Ave,2,2,0,0,2,0,0,41.902405,-87.732699,2,2315.8,2
1067,Public Rack - Pulaski Rd & Grenshaw St,2,1,1,0,2,0,0,41.867028,-87.725464,2,383.4,2
839,Public Rack - Kedzie Ave & Pershing Rd,2,1,1,0,2,0,0,41.822885,-87.704227,2,12.3,2
1037,Public Rack - Homan Ave & 62nd Pl,2,1,1,0,2,0,0,41.779668,-87.707834,2,858.7,2
1066,Public Rack - St Louis Ave & Flournoy St,2,2,0,0,2,0,0,41.872781,-87.713156,2,823.0,2
24283,Pulaski Rd & 60th Pl,2,1,1,1,1,0,0,41.783150,-87.722570,2,27082.7,2
703,Public Rack - Marshfield Ave & 87th St,2,1,1,0,2,0,0,41.735527,-87.663867,2,1385.6,2
555,Public Rack - Latrobe Ave & Lake St,2,2,0,0,2,0,0,41.887083,-87.756181,2,2418.3,2
1078.0,Public Rack - 85th Pl & Pulaski Rd,2,0,2,0,2,0,0,41.737389,-87.721334,2,4297.3,2
1274.0,Public Rack - Damen & 87th,2,1,1,0,2,0,0,41.736037,-87.672691,2,2627.7,2
1094.0,Public Rack - Mason Ave & Archer Ave,2,0,2,0,2,0,0,41.794199,-87.771388,2,2829.7,2
529,Public Rack - Franklin Park,2,2,0,0,2,0,0,41.861493,-87.733404,2,495.7,2
851,Public Rack - Kostner Ave & Lake St,2,2,0,0,2,0,0,41.885708,-87.735424,2,4048.3,2
765,Public Rack - West Lawn Park,2,2,0,0,2,0,0,41.774815,-87.728303,2,598.6,2
712,Public Rack - Hermitage & 83rd St,2,2,0,0,2,0,0,41.743027,-87.666272,2,1705.9,2
1071,Public Rack - Ashland Ave & 74th St,2,2,0,0,2,0,0,41.759735,-87.663736,2,181.5,2
721,Public Rack - Ashland Ave & 73rd St,2,2,0,0,2,0,0,41.760817,-87.663499,2,11217.6,2
755,Public Rack - Kedzie Ave & 64th St - SE,2,2,0,0,2,0,0,41.776985,-87.702916,2,2480.0,2
955,Public Rack - Eberhart Ave & 61st St,2,1,1,0,2,0,0,41.783745,-87.612919,2,1568.3,2
928,Public Rack - Michigan Ave & 121st St,2,0,2,0,2,0,0,41.674130,-87.620448,2,460.7,2
1096.0,Public Rack - Austin Ave & Archer Ave,2,0,2,0,2,0,0,41.794209,-87.771615,2,1761.0,2
883,Public Rack - East End Ave & 87th St,2,1,1,0,2,0,0,41.737054,-87.583998,2,2238.3,2
1081.0,Public Rack - Rockwell Ave & 71st St,2,2,0,0,2,0,0,41.764753,-87.688641,2,1620.6,2
1053,Public Rack - Grand Ave & Lawndale Ave,2,1,1,0,2,0,0,41.903500,-87.720400,2,2754.3,2
1245.0,Public Rack - Artesian & 71st,1,1,0,0,1,0,0,41.764839,-87.684382,1,1085.2,1
769,Public Rack - Peoria St & 60th St,1,1,0,0,1,0,0,41.785013,-87.647233,1,625.7,1
645,Public Rack - Tuley (Murray) Park,1,1,0,0,1,0,0,41.730158,-87.611603,1,6887.7,1
827,Public Rack - Strohacker Park,1,0,1,0,1,0,0,41.794806,-87.732188,1,1163.8,1
862,Public Rack - Milwaukee Ave & Waveland Ave,1,0,1,0,1,0,0,41.947544,-87.737798,1,700.3,1
829,Public Rack - Pulaski Rd & 51st Rd,1,1,0,0,1,0,0,41.800315,-87.723866,1,1190.9,1
977,Public Rack - Halsted St & 109th St,1,1,0,0,1,0,0,41.695764,-87.642651,1,868.8,1
994,Public Rack - Prairie Ave & 78th St,1,0,1,0,1,0,0,41.752144,-87.618186,1,1097.7,1
888,Public Rack - Aida Food Market,1,1,0,0,1,0,0,41.749900,-87.643930,1,415.6,1
887,Public Rack - Halsted St & 80th St,1,1,0,0,1,0,0,41.748307,-87.644059,1,179.3,1
900,Public Rack - Western Ave & 118th St,1,1,0,0,1,0,0,41.678689,-87.680941,1,2931.0,1
905,Public Rack - Yates Blvd & Exchange Ave,1,1,0,0,1,0,0,41.765369,-87.565683,1,3134.1,1
949,Public Rack - Kingston Ave & 75th St,1,1,0,0,1,0,0,41.758999,-87.562064,1,427.3,1
812,Public Rack - Lake Park Ave & 47th St,1,1,0,0,1,0,0,41.809737,-87.591709,1,759.3,1
1232.0,Public Rack - Rutherford & 53rd,1,0,1,0,1,0,0,41.795065,-87.790533,1,886.2,1
912,Public Rack - Halsted St & 41st St,1,1,0,0,1,0,0,41.819890,-87.645723,1,6775.7,1
1062,Public Rack - Kedzie Ave & Walnut St,1,0,1,0,1,0,0,41.885881,-87.706185,1,3382.5,1
892,Public Rack - Baker Ave & 863rd Pl,1,1,0,0,1,0,0,41.743433,-87.550250,1,730.5,1
889,Public Rack - Ingleside Ave & 79th St,1,1,0,0,1,0,0,41.751243,-87.600844,1,155.0,1
656,Public Rack - West Chatham Park,1,0,1,0,1,0,0,41.745488,-87.631651,1,520.1,1
1252.0,Public Rack - Troy & 71st,1,0,1,0,1,0,0,41.764165,-87.701628,1,2328.5,1
1264.0,Public Rack - Homan & 79th,1,0,1,0,1,0,0,41.749876,-87.707458,1,211.4,1
965,Public Rack - Fullerton Ave & Lavergne Ave,1,0,1,0,1,0,0,41.924034,-87.751934,1,4210.1,1
726,Public Rack - Halsted St & 77th St,1,1,0,0,1,0,0,41.753743,-87.644038,1,874.3,1
668,Public Rack - Marquette Ave & 79th St,1,1,0,0,1,0,0,41.751687,-87.558810,1,850.1,1
307,Leamington Ave & Hirsch St,1,0,1,0,1,0,0,41.905823,-87.754903,1,4.0,1
725,Public Rack - Hamilton Park,1,1,0,0,1,0,0,41.763314,-87.637617,1,637.5,1
727,Public Rack - Normal Ave & 72nd St,1,1,0,0,1,0,0,41.763466,-87.637075,1,107.5,1
801,Public Rack - N Narragansett Ave & Grand Ave,1,0,1,0,1,0,0,41.922343,-87.784660,1,1425.6,1
879,Public Rack - Cottage Grove Ave & 89th Pl,1,0,1,0,1,0,0,41.731767,-87.604899,1,1811.8,1
980,Public Rack - Ewing Ave & 106th St,1,1,0,0,1,0,0,41.702411,-87.535430,1,5840.2,1
1154.0,Public Rack - Ozanam Ave & Devon Ave,1,1,0,0,1,0,0,41.996997,-87.821342,1,351.9,1
1254.0,Public Rack - Springfield & 71st,1,0,1,0,1,0,0,41.764196,-87.720111,1,1732.1,1
1189.0,Public Rack - Neva & Foster,1,1,0,0,1,0,0,41.974710,-87.806037,1,673.3,1
677,Public Rack - Rockwell & 111th St,1,0,1,0,1,0,0,41.691546,-87.685432,1,31.7,1
1093.0,Public Rack - 61st St & Melvina Ave,1,0,1,0,1,0,0,41.780873,-87.776709,1,459.3,1
1017,Public Rack - Foster Ave & Drake Ave,1,1,0,0,1,0,0,41.975563,-87.717352,1,1915.7,1
1138.0,Public Rack - Normandy Ave & Raven St,1,1,0,0,1,0,0,41.993871,-87.792536,1,713.0,1
568,Public Rack - Central Ave & North Ave,1,0,1,0,1,0,0,41.909414,-87.765817,1,2211.8,1
1186.0,Public Rack - Oketo & Talcott,1,1,0,0,1,0,0,41.988596,-87.812525,1,978.4,1
1239.0,Public Rack - S Menard & W 63rd,1,0,1,0,1,0,0,41.777070,-87.766640,1,639.8,1
1099.0,Public Rack - Leland Ave & Melvina Ave,1,0,1,0,1,0,0,41.965833,-87.782240,1,1896.2,1
1243.0,Public Rack - Ford City Mall,1,0,1,0,1,0,0,41.757214,-87.741445,1,332.2,1
998,Public Rack - Marquette Rd & 67th St,1,0,1,0,1,0,0,41.773133,-87.613152,1,951.6,1
865,Public Rack - Kilbourn Ave & Fullerton Ave,1,1,0,0,1,0,0,41.924447,-87.739980,1,515.9,1
477,Public Rack - California Ave & Touhy Ave - midblock,1,1,0,0,1,0,0,42.012207,-87.700474,1,19.2,1
880,Public Rack - Maryland Ave & 87th ST,1,0,1,0,1,0,0,41.736745,-87.603845,1,1508.0,1
708,Public Rack - Lowe Ave & 94th St,1,0,1,0,1,0,0,41.724234,-87.639453,1,915.0,1
1166.0,Public Rack - Minnehaha Ave & Devon Ave,1,1,0,0,1,0,0,41.997456,-87.761912,1,1946.1,1
1042,Public Rack - Laflin St &51st ST,1,0,1,0,1,0,0,41.801354,-87.662076,1,1398.7,1
864,Public Rack - Kedvale Ave & Addison St,1,0,1,0,1,0,0,41.947174,-87.730837,1,102.3,1
1241.0,Public Rack - Harlem and W. 59th,1,0,1,0,1,0,0,41.784950,-87.801100,1,1201.8,1
1193.0,Public Rack - Neola & Northwest Hwy,1,1,0,0,1,0,0,41.990327,-87.795356,1,424.6,1
952,Public Rack - Lake Shore Dr & Hayes Dr,1,1,0,0,1,0,0,41.780581,-87.574562,1,13992.7,1
484,Public Rack - Sacramento Ave & Greenleaf Ave,1,1,0,0,1,0,0,42.009458,-87.704666,1,140.0,1
1139.0,Public Rack - Northwest Hwy & Raven St,1,1,0,0,1,0,0,41.992788,-87.799284,1,319.1,1
1014,Public Rack - Richmond St & Thorndale Ave,1,1,0,0,1,0,0,41.988931,-87.702785,1,7893.0,1
897,Public Rack - Homewood Ave & Monterey Ave,1,1,0,0,1,0,0,41.691691,-87.670161,1,2798.2,1
746,Public Rack - Martin Luther King Dr & 69th St,1,0,1,0,1,0,0,41.769234,-87.615206,1,3985.4,1
476,Public Rack - Francisco Ave & Touhy Ave,1,1,0,0,1,0,0,42.011865,-87.701317,1,640.6,1
1261.0,Public Rack - St Louis & 83rd,1,0,1,0,1,0,0,41.741972,-87.709558,1,3070.7,1
24417,State St & 111th St,1,1,0,1,0,0,0,41.692510,-87.622870,1,3142.2,1
1061,Public Rack - Central Park Ave & Fulton Blvd,1,1,0,0,1,0,0,41.886151,-87.715511,1,3568.1,1
739,Public Rack - 63rd & Western Ave N,1,1,0,0,1,0,0,41.779334,-87.683768,1,21.3,1
678,Public Rack - Albany Ave & 111th St - NW,1,1,0,0,1,0,0,41.691669,-87.698507,1,150.9,1
831,Public Rack - Kolin Ave & Archer Ave,1,0,1,0,1,0,0,41.800514,-87.731802,1,2262.6,1
820,Public Rack - Western Blvd & 53rd St,1,1,0,0,1,0,0,41.796775,-87.683362,1,365.6,1
818,Public Rack - Back of the Yards Park,1,1,0,0,1,0,0,41.804381,-87.657742,1,527.0,1
713,Public Rack - Damen Ave & 84th St,1,1,0,0,1,0,0,41.740435,-87.673246,1,678.4,1
903,Public Rack - Western Ave & 106th St - West,1,1,0,0,1,0,0,41.701379,-87.681826,1,295.6,1
1020,Public Rack - Hamlin Ave & Madison St,1,0,1,0,1,0,0,41.880833,-87.720797,1,1797.4,1
1257.0,Public Rack - S. Kilpatrick and W. 79th,1,0,1,0,1,0,0,41.749300,-87.739580,1,0.0,1
987,Public Rack - Western Ave & 107th St,1,1,0,0,1,0,0,41.698728,-87.681558,1,479.0,1
1158.0,Public Rack - Northwest Hwy & Highland Ave,1,0,1,0,1,0,0,41.995867,-87.805223,1,8928.5,1
1044,Public Rack - Western Blvd & 52nd St,1,1,0,0,1,0,0,41.798974,-87.681909,1,272.6,1
1273.0,Public Rack - Horner & 85th,1,1,0,0,1,0,0,41.739304,-87.669085,1,367.4,1
24396,Manistee Ave & 95th St,1,0,1,1,0,0,0,41.722600,-87.556920,1,864.5,1
706,Public Rack - Winchester Ave & 87th St,1,1,0,0,1,0,0,41.735989,-87.672181,1,230.7,1
710,Public Rack - Lafayette Ave & 87th St - NW,1,1,0,0,1,0,0,41.736354,-87.626741,1,1981.0,1
1039,Public Rack - Kedzie Ave & 61st Pl W,1,1,0,0,1,0,0,41.782010,-87.703400,1,207.1,1
728,Public Rack - Calumet Ave & 71st St,1,1,0,0,1,0,0,41.765537,-87.617305,1,211.9,1
760,Public Rack - Kedzie Ave & 64th St - SW,1,1,0,0,1,0,0,41.777031,-87.703223,1,26.0,1
996,Public Rack - Ashland Ave & 63rd St,1,1,0,0,1,0,0,41.779127,-87.664039,1,2568.8,1
666,Public Rack - Stony Island Ave & 86th St,1,1,0,0,1,0,0,41.738473,-87.585851,1,899.2,1
896,Public Rack - Troy & 111th St,1,1,0,0,1,0,0,41.691373,-87.700281,1,126.9,1
715,Public Rack - Damen Ave & 80th St,1,1,0,0,1,0,0,41.748301,-87.673213,1,656.3,1
740,Public Rack - William Rainey Harper High School,1,1,0,0,1,0,0,41.775267,-87.669156,1,580.1,1
1031,Public Rack - Komensky Ave & 63rd St,1,1,0,0,1,0,0,41.778820,-87.723599,1,195.6,1
795,Public Rack - Menard Ave & Madison St,1,1,0,0,1,0,0,41.880021,-87.770325,1,343.0,1
845,Public Rack - Ashland Ave & 45th St  S,1,1,0,0,1,0,0,41.811169,-87.664740,1,89.3,1
738,Public Rack - 63rd & Western Ave S,1,1,0,0,1,0,0,41.779196,-87.683589,1,1045.9,1
1272.0,Public Rack - Damen & 81st,1,1,0,0,1,0,0,41.746488,-87.673132,1,201.7,1
1045,Public Rack - Hoyne Ave & 51st St,1,1,0,0,1,0,0,41.801001,-87.676773,1,804.2,1
799,Public Rack - Newcastle Ave & Belden Ave,1,1,0,0,1,0,0,41.921017,-87.797388,1,7574.6,1
24419,Wentworth Ave & 107th St,1,0,1,1,0,0,0,41.699890,-87.627850,1,2442.6,1
641,Public Rack - Loomis St & 87th St,1,1,0,0,1,0,0,41.735465,-87.657585,1,345.4,1
910,Public Rack - Wolcott Ave & 56th St,1,1,0,0,1,0,0,41.791198,-87.671949,1,434.5,1
704,Public Rack - Honore St & 87th St - SE,1,1,0,0,1,0,0,41.735485,-87.668889,1,280.0,1
732,Public Rack - James Madison School,1,1,0,0,1,0,0,41.759876,-87.590638,1,653.6,1
884,Public Rack - Bishop St & 81st St,1,1,0,0,1,0,0,41.745827,-87.659849,1,462.7,1
705,Public Rack - Honore St & 87th St,1,1,0,0,1,0,0,41.736093,-87.669404,1,80.0,1
1041,Public Rack - Throop St & 48t ST,1,1,0,0,1,0,0,41.806999,-87.657942,1,291.6,1
915,Public Rack - Laflin St & 51st St,1,1,0,0,1,0,0,41.801354,-87.662076,1,285.9,1
1144.0,Public Rack - Miami Ave & Milwaukee Ave,1,0,1,0,1,0,0,41.991473,-87.782085,1,2703.4,1
1036,Public Rack - Kedzie Ave & 60th St,1,1,0,0,1,0,0,41.785235,-87.703131,1,73.0,1
941,Public Rack - Cornell Ave & 87th Pl,1,1,0,0,1,0,0,41.736881,-87.583146,1,29.5,1
653,Public Rack - Loomis Blvd & 83rd St,1,1,0,0,1,0,0,41.743271,-87.658769,1,298.0,1
962,Public Rack - Pulaski Rd & Polk St,1,1,0,0,1,0,0,41.870364,-87.725256,1,1037.3,1
BIKE FLEET,NEW HASTINGS,1,1,0,0,1,0,0,41.863605,-87.679764,1,2376.4,1
723,Public Rack - May St & 78th St,1,1,0,0,1,0,0,41.752451,-87.652969,1,1011.7,1
939,Public Rack - Vincennes Ave & 91st St,1,1,0,0,1,0,0,41.728122,-87.648524,1,500.6,1
935,Public Rack - Lorel Ave & Grand Ave,1,1,0,0,1,0,0,41.917668,-87.759553,1,3805.3,1
789,Public Rack - Central Ave & Congress Pkwy,1,1,0,0,1,0,0,41.873690,-87.764746,1,145.7,1
687,Public Rack - Mt Greenwood Library - South,1,1,0,0,1,0,0,41.692883,-87.701048,1,1211.6,1
1046,Public Rack - Oakley Ave & 50th Pl,1,1,0,0,1,0,0,41.801930,-87.680903,1,395.1,1
1027,Public Rack - Fairfield Ave & 63rd St,1,1,0,0,1,0,0,41.779260,-87.692703,1,131.6,1
961,Public Rack - Pulaski Rd & Lexington St,1,1,0,0,1,0,0,41.871583,-87.725209,1,135.7,1
796,Public Rack - Waller Ave & Chicago Ave,1,1,0,0,1,0,0,41.894681,-87.768156,1,271.1,1
701,Public Rack - Stony Island & 95th St,1,1,0,0,1,0,0,41.722280,-87.584943,1,1015.7,1
526,Public Rack - Legler Regional Library,1,1,0,0,1,0,0,41.879312,-87.725428,1,547.8,1
1050,Public Rack - Kedzie Ave & 54th Pl,1,1,0,0,1,0,0,41.794639,-87.703767,1,64.9,1
24368,Melvina Ave & Giddings Ave,1,0,1,1,0,0,0,41.966480,-87.782020,1,2529.1,1
960,Public Rack - Pulaski Rd & 5th Ave,1,1,0,0,1,0,0,41.873008,-87.725252,1,65.3,1
967,Public Rack - La Moyne Ave and Leamington Ave,1,1,0,0,1,0,0,41.906866,-87.754447,1,314.4,1
748,Public Rack - Park Manor Elementary School,1,1,0,0,1,0,0,41.766863,-87.611467,1,789.0,1
619,Public Rack - Vincennes Ave & 95th St,1,0,1,0,1,0,0,41.721168,-87.650663,1,894.5,1
1060,Public Rack - Homan Ave & Lake St,1,0,1,0,1,0,0,41.884740,-87.711357,1,1077.9,1
1159.0,Public Rack - Devon Ave & Minnehaha Ave (east),1,1,0,0,1,0,0,41.997434,-87.762816,1,1518.1,1
Hubbard Bike-checking (LBS-WH-TEST),SCOOTERS CLASSIC - 2132 W Hubbard ST,1,1,0,0,1,0,0,41.889967,-87.680156,1,4297.5,1
919,Public Rack - Pullman - Walmart,1,0,1,0,1,0,0,41.696960,-87.598290,1,1605.0,1
922,Public Rack - 10101 S Stony Island Ave,1,0,1,0,1,0,0,41.708380,-87.581455,1,967.8,1
1089.0,Public Rack - Normandy Ave & Archer Ave,1,0,1,0,1,0,0,41.792303,-87.788789,1,3327.5,1
963,Public Rack - Central Park Ave & 16th St,1,1,0,0,1,0,0,41.858938,-87.715727,1,165.0,1
871,Public Rack - Ellis Ave & 132nd Pl,1,0,1,0,1,0,0,41.655139,-87.597597,1,1148.7,1
940,Public Rack - Stony Island & 87th St,1,1,0,0,1,0,0,41.736700,-87.585815,1,222.4,1
843,Public Rack - Ashland Ave & 45th St,1,1,0,0,1,0,0,41.811958,-87.664862,1,88.3,1
842,Public Rack - Ashland Ave & 46th St,1,1,0,0,1,0,0,41.810537,-87.665404,1,328.5,1
756,Public Rack - Albany Ave & 63rd St,1,1,0,0,1,0,0,41.778906,-87.700840,1,85.4,1
681,Public Rack - Western Ave & 111th St - NW,1,1,0,0,1,0,0,41.691970,-87.681659,1,89.6,1
794,Public Rack - Austin Branch Chicago Public Library,1,1,0,0,1,0,0,41.889161,-87.765738,1,167.9,1
1021,Public Rack - Pulaski Rd & Flournoy St,1,1,0,0,1,0,0,41.872425,-87.725345,1,94.3,1
993,Public Rack - Ashland Ave & 83rd St,1,1,0,0,1,0,0,41.742715,-87.663551,1,228.4,1
720,Public Rack - Racine Ave & 76th,1,1,0,0,1,0,0,41.755786,-87.654054,1,381.6,1
774,Public Rack - Christiana Ave & 55th St,1,1,0,0,1,0,0,41.793307,-87.707702,1,323.2,1
