school_id,short_name,long_name,primary_category,address,zip,school_latitude,school_longitude,student_count_total,student_count_low_income,student_count_black,student_count_hispanic,student_count_white,overall_rating,school_year,community_area
610163,STOCK,Frederick Stock Elementary School,ES,7507 W BIRCHWOOD AVE,60631,42.016892,-87.814195,232,37,1,39,175,Inability to Rate,School Year 2016-2017,EDISON PARK
610558,GOODE HS,Sarah E. Goode STEM Academy,HS,7651 S HOMAN AVE,60652,41.75375,-87.707345,900,788,459,420,7,Level 1+,School Year 2016-2017,ASHBURN
609750,SIMPSON HS,Simpson Academy HS for Young Women,HS,1321 S PAULINA ST,60608,41.864365,-87.668722,38,37,28,8,2,Level 2,School Year 2016-2017,NEAR WEST SIDE
610571,OMBUDSMAN - WEST HS,Ombudsman Chicago- West,HS,2401 W CONGRESS PKWY,60612,41.874673,-87.687842,341,320,187,148,4,Level 2,School Year 2016-2017,NEAR WEST SIDE
610123,PENN,William Penn Elementary School,ES,1616 S AVERS AVE,60623,41.858372,-87.722386,311,279,283,26,1,Level 1+,School Year 2016-2017,NORTH LAWNDALE
610227,WHITNEY,Eli Whitney Elementary School,ES,2815 S KOMENSKY AVE,60623,41.84008,-87.725546,981,884,2,963,8,Level 1+,School Year 2016-2017,SOUTH LAWNDALE
610056,MASON,Roswell B Mason Elementary School,ES,4217 W 18TH ST,60623,41.856864,-87.731672,385,334,367,12,5,Level 1+,School Year 2016-2017,NORTH LAWNDALE
609748,YORK HS,Consuella B York Alternative HS,HS,2700 S CALIFORNIA AVE,60608,41.842533,-87.695261,199,174,154,36,6,Inability to Rate,School Year 2016-2017,SOUTH LAWNDALE
610030,KOZMINSKI,Charles Kozminski Elementary Community Academy,ES,936 E 54TH ST,60615,41.798002,-87.602481,255,217,243,6,1,Level 2,School Year 2016-2017,HYDE PARK
610369,JACKSON M,Mahalia Jackson Elementary School,ES,917 W 88TH ST,60620,41.734125,-87.646767,349,309,342,4,0,Level 3,School Year 2016-2017,AUBURN GRESHAM
609828,BURR,Jonathan Burr Elementary School,ES,1621 W WABANSIA AVE,60622,41.912358,-87.668661,434,161,35,181,179,Level 1+,School Year 2016-2017,WEST TOWN
610563,BACK OF THE YARDS HS,Back of the Yards IB HS,HS,2111 W 47TH ST,60609,41.808413,-87.677541,1059,1021,33,952,15,Level 1+,School Year 2016-2017,NEW CITY
610112,PARKER,Francis W Parker Elementary Community Academy,ES,6800 S STEWART AVE,60621,41.77078,-87.634086,490,433,480,9,0,Level 2,School Year 2016-2017,ENGLEWOOD
400105,URBAN PREP - BRONZEVILLE HS,Urban Prep Academy for Young Men - Bronzeville,HS,521 E 35TH ST,60616,41.831118,-87.613629,322,262,314,4,0,Level 1,School Year 2016-2017,DOUGLAS
609951,ARIEL,Ariel Elementary Community Academy,ES,1119 E 46TH ST,60653,41.811173,-87.597503,527,406,514,6,1,Level 2+,School Year 2016-2017,KENWOOD
609869,LANGFORD,Anna R. Langford Community Academy,ES,6010 S THROOP ST,60636,41.784681,-87.657169,262,242,251,10,0,Level 2,School Year 2016-2017,WEST ENGLEWOOD
610021,CASALS,Pablo Casals Elementary School,ES,3501 W POTOMAC AVE,60651,41.904503,-87.714234,433,377,199,230,2,Level 1+,School Year 2016-2017,HUMBOLDT PARK
609930,FUNSTON,Frederick Funston Elementary School,ES,2010 N CENTRAL PARK AVE,60647,41.917617,-87.716892,459,400,51,396,11,Level 2+,School Year 2016-2017,LOGAN SQUARE
610520,LASALLE II,LaSalle II Magnet Elementary School,ES,1148 N HONORE ST,60622,41.902914,-87.673696,588,207,129,235,173,Level 1+,School Year 2016-2017,WEST TOWN
610221,WEBSTER,Daniel Webster Elementary School,ES,4055 W ARTHINGTON ST,60624,41.869916,-87.727524,299,229,296,2,0,Level 1,School Year 2016-2017,WEST GARFIELD PARK
609896,DRUMMOND,Thomas Drummond Elementary School,ES,1845 W CORTLAND ST,60622,41.915914,-87.674495,349,94,25,114,147,Level 1,School Year 2016-2017,LOGAN SQUARE
610254,DVORAK,Dvorak Technology Academy,ES,3615 W 16TH ST,60623,41.858883,-87.715744,383,342,377,3,1,Level 1,School Year 2016-2017,NORTH LAWNDALE
609966,HAMMOND,Charles G Hammond Elementary School,ES,2819 W 21ST PL,60623,41.852719,-87.696243,436,388,32,393,10,Level 1+,School Year 2016-2017,SOUTH LAWNDALE
610158,SAYRE,Harriet E Sayre Elementary Language Academy,ES,1850 N NEWLAND AVE,60707,41.914151,-87.798721,451,301,191,184,48,Level 2,School Year 2016-2017,AUSTIN
610506,TEAM HS,TEAM Englewood Community Academy High School,HS,6201 S STEWART AVE,60621,41.781485,-87.633019,94,87,93,1,0,Level 2,School Year 2016-2017,ENGLEWOOD
400010,ACE TECH HS,ACE Technical Charter School,HS,5410 S STATE ST,60609,41.796122,-87.625849,314,302,259,49,4,Level 2,School Year 2016-2017,WASHINGTON PARK
400119,LEGAL PREP HS,Legal Prep Charter Academy,HS,4319 W WASHINGTON BLVD,60624,41.881733,-87.733778,305,293,303,0,0,Level 2+,School Year 2016-2017,WEST GARFIELD PARK
610389,ORR HS,Orr Academy High School,HS,730 N PULASKI RD,60624,41.894449,-87.726166,276,263,228,47,1,Level 3,School Year 2016-2017,HUMBOLDT PARK
610115,PARK MANOR,Park Manor Elementary School,ES,7037 S RHODES AVE,60637,41.766477,-87.611546,297,266,291,3,0,Level 1+,School Year 2016-2017,GREATER GRAND CROSSING
610135,PORTAGE PARK,Portage Park Elementary School,ES,5330 W BERTEAU AVE,60641,41.956988,-87.761007,941,684,23,588,261,Level 1,School Year 2016-2017,PORTAGE PARK
400062,PERSPECTIVES - TECH HS,Perspectives - High School of Technology,HS,8131 S MAY ST,60620,41.745949,-87.650657,329,296,321,6,0,Level 1+,School Year 2016-2017,AUBURN GRESHAM
400044,KIPP - ASCEND,KIPP Ascend Charter School,ES,1616 S AVERS AVE,60623,41.85837,-87.721071,888,820,841,40,4,Level 1,School Year 2016-2017,NORTH LAWNDALE
400123,YCCS - SCHOLASTIC ACHIEVEMENT,YCCS- Academy of Scholastic Achievement HS,HS,4651 W MADISON ST,60644,41.880447,-87.742539,130,119,124,5,0,Level 1,School Year 2016-2017,AUSTIN
609790,BARTON,Clara Barton Elementary School,ES,7650 S WOLCOTT AVE,60620,41.754194,-87.670927,388,334,369,9,3,Level 2+,School Year 2016-2017,AUBURN GRESHAM
609912,FARNSWORTH,James B Farnsworth Elementary School,ES,5414 N LINDER AVE,60630,41.97979,-87.766072,602,354,11,242,243,Level 1,School Year 2016-2017,JEFFERSON PARK
610193,NEW SULLIVAN,William K New Sullivan Elementary School,ES,8331 S MACKINAW AVE,60617,41.743829,-87.542928,509,453,377,121,7,Level 2+,School Year 2016-2017,SOUTH CHICAGO
609792,BATEMAN,Newton Bateman Elementary School,ES,4220 N RICHMOND ST,60618,41.95822,-87.702151,1007,770,28,806,110,Level 1+,School Year 2016-2017,IRVING PARK
610245,DOUGLASS HS,Frederick A Douglass Academy High School,HS,543 N WALLER AVE,60644,41.890369,-87.767668,103,101,100,3,0,Level 3,School Year 2016-2017,AUSTIN
610252,DETT,Robert Nathaniel Dett Elementary School,ES,2131 W MONROE ST,60612,41.87987,-87.680315,307,277,291,10,0,Level 2,School Year 2016-2017,NEAR WEST SIDE
609718,KENNEDY HS,John F Kennedy High School,HS,6325 W 56TH ST,60638,41.789961,-87.78084,1686,1241,65,1230,351,Level 2+,School Year 2016-2017,GARFIELD RIDGE
400078,U OF C - WOODSON,University of Chicago - Carter G. Woodson,MS,4444 S EVANS AVE,60653,41.813547,-87.608426,215,179,213,1,0,Level 1,School Year 2016-2017,GRAND BOULEVARD
610390,RICKOVER MILITARY HS,Hyman G Rickover Naval Academy High School,HS,5900 N GLENWOOD AVE,60660,41.989021,-87.665789,556,494,52,414,46,Level 1,School Year 2016-2017,EDGEWATER
609799,BELL,Alexander Graham Bell Elementary School,ES,3730 N OAKLEY AVE,60618,41.94953,-87.686018,956,132,23,170,573,Level 1+,School Year 2016-2017,NORTH CENTER
400165,LEARN - MIDDLE,L.E.A.R.N. - Middle School Campus,ES,3021 W CARROLL AVE,60612,41.887413,-87.702704,311,293,300,8,0,Level 1+,School Year 2016-2017,EAST GARFIELD PARK
609852,CHAPPELL,Eliza Chappell Elementary School,ES,2135 W FOSTER AVE,60625,41.975894,-87.683264,568,357,30,326,130,Level 1+,School Year 2016-2017,LINCOLN SQUARE
400075,U OF C - DONOGHUE,University of Chicago - Donoghue,ES,707 E 37TH ST,60653,41.827726,-87.608501,525,413,517,5,0,Level 2+,School Year 2016-2017,OAKLAND
609826,CASTELLANOS,Rosario Castellanos Elementary School,ES,2524 S CENTRAL PARK AVE,60623,41.84545,-87.714927,603,586,23,575,1,Level 2,School Year 2016-2017,SOUTH LAWNDALE
609786,AVALON PARK,Avalon Park Elementary School,ES,8045 S KENWOOD AVE,60619,41.748247,-87.591654,289,250,285,0,2,Level 1+,School Year 2016-2017,AVALON PARK
609764,JUAREZ HS,Benito Juarez Community Academy High School,HS,1450 W CERMAK RD,60608,41.852667,-87.663732,1739,1659,58,1644,12,Level 2+,School Year 2016-2017,LOWER WEST SIDE
609805,JOPLIN,Scott Joplin Elementary School,ES,7931 S HONORE ST,60620,41.749339,-87.669366,406,351,398,5,0,Level 1,School Year 2016-2017,AUBURN GRESHAM
609972,HAUGAN,Helge A Haugan Elementary School,ES,4540 N HAMLIN AVE,60625,41.964029,-87.723128,912,791,40,759,58,Level 1,School Year 2016-2017,ALBANY PARK
609692,SIMEON HS,Neal F Simeon Career Academy High School,HS,8147 S VINCENNES AVE,60620,41.745781,-87.63541,1339,1233,1323,12,1,Level 1,School Year 2016-2017,CHATHAM
610002,HOYNE,Thomas Hoyne Elementary School,ES,8905 S CRANDON AVE,60617,41.733338,-87.568228,251,195,242,7,0,Level 1,School Year 2016-2017,CALUMET HEIGHTS
610060,JACKSON A,Andrew Jackson Elementary Language Academy,ES,1340 W HARRISON ST,60607,41.8743,-87.660985,550,231,179,172,84,Level 1+,School Year 2016-2017,NEAR WEST SIDE
610180,SMYTH,John M Smyth Elementary School,ES,1059 W 13TH ST,60608,41.865351,-87.653445,462,387,428,25,4,Level 1,School Year 2016-2017,NEAR WEST SIDE
610215,MADERO,Francisco I Madero Middle School,MS,3202 W 28TH ST,60623,41.840957,-87.705064,334,326,0,332,1,Level 1,School Year 2016-2017,SOUTH LAWNDALE
609813,BROWNELL,Charles S Brownell Elementary School,ES,6741 S MICHIGAN AVE,60637,41.77162,-87.621746,216,190,211,3,1,Level 2+,School Year 2016-2017,GREATER GRAND CROSSING
610010,JAHN,Friedrich L. Jahn Elementary of the Fine Arts,ES,3149 N WOLCOTT AVE,60657,41.939247,-87.67581,308,178,46,178,68,Level 2,School Year 2016-2017,NORTH CENTER
400146,KIPP - ACADEMY,KIPP Chicago Charter School - KIPP Create,ES,4818 W OHIO ST,60644,41.891816,-87.746614,345,321,340,5,0,Level 2,School Year 2016-2017,AUSTIN
609821,BURNHAM,Burnham Elementary Inclusive Academy,ES,9928 S CRANDON AVE,60617,41.714402,-87.567131,522,466,502,16,2,Level 2+,School Year 2016-2017,SOUTH DEERING
609917,FERNWOOD,Fernwood Elementary School,ES,10041 S UNION AVE,60628,41.711184,-87.640414,302,263,300,1,0,Level 1,School Year 2016-2017,WASHINGTON HEIGHTS
610580,MAGIC JOHNSON - HUMBOLDT PK HS,Magic Johnson- Humboldt Park HS,HS,2421 W DIVISION,60622,41.902925,-87.687889,155,149,53,94,7,Level 2+,School Year 2016-2017,WEST TOWN
610052,MANN,Horace Mann Elementary School,ES,8050 S CHAPPEL AVE,60617,41.748274,-87.574816,339,295,331,6,1,Level 2+,School Year 2016-2017,SOUTH CHICAGO
609674,CHICAGO VOCATIONAL HS,Chicago Vocational Career Academy High School,HS,2100 E 87TH ST,60617,41.737174,-87.573268,885,842,858,19,1,Level 2+,School Year 2016-2017,AVALON PARK
610086,MOUNT VERNON,Mount Vernon Elementary School,ES,10540 S MORGAN ST,60643,41.701952,-87.647652,232,201,230,1,0,Level 2+,School Year 2016-2017,WASHINGTON HEIGHTS
609817,BUDLONG,Lyman A Budlong Elementary School,ES,2701 W FOSTER AVE,60625,41.975754,-87.696556,756,550,39,316,213,Level 1+,School Year 2016-2017,LINCOLN SQUARE
400156,NOBLE - BUTLER HS,Noble - Butler College Prep,HS,821 E 103RD ST,60628,41.706667,-87.602573,654,602,625,22,0,Level 1+,School Year 2016-2017,PULLMAN
400085,ACERO - GARCIA HS,Acero Charter Schools - Major Hector P. Garcia MD,HS,4248 W 47TH ST,60632,41.809171,-87.730467,576,542,3,557,10,Level 1+,School Year 2016-2017,ARCHER HEIGHTS
610543,SOLORIO HS,Eric Solorio Academy High School,HS,5400 S ST LOUIS AVE,60632,41.795201,-87.711059,1190,1128,56,1116,9,Level 1+,School Year 2016-2017,GAGE PARK
610005,HUGHES C,Charles Evans Hughes Elementary School,ES,4247 W 15TH ST,60623,41.860518,-87.731777,248,226,240,4,0,Level 2+,School Year 2016-2017,NORTH LAWNDALE
609812,BROWN W,William H Brown Elementary School,ES,54 N HERMITAGE AVE,60612,41.882997,-87.670682,250,220,225,14,4,Level 2,School Year 2016-2017,NEAR WEST SIDE
400169,NOBLE - ITW SPEER HS,Noble - ITW David Speer Academy,HS,5321 W GRAND AVE,60639,41.92563,-87.769808,1015,908,128,858,17,Level 1+,School Year 2016-2017,BELMONT CRAGIN
609756,CURIE HS,Marie Sklodowska Curie Metropolitan High School,HS,4959 S ARCHER AVE,60632,41.80306,-87.722042,2924,2713,383,2377,64,Level 2+,School Year 2016-2017,ARCHER HEIGHTS
400097,NOBLE - BULLS HS,Noble - Chicago Bulls College Prep,HS,2040 W ADAMS ST,60612,41.878809,-87.678195,1146,1010,377,753,4,Level 1+,School Year 2016-2017,NEAR WEST SIDE
400143,YCCS - WEST TOWN,YCCS-West Town Acad Alternative HS,HS,500 N SACRAMENTO BLVD,60612,41.890803,-87.702053,87,84,71,15,1,Level 1,School Year 2016-2017,HUMBOLDT PARK
609874,DIRKSEN,Everett McKinley Dirksen Elementary School,ES,8601 W FOSTER AVE,60656,41.973715,-87.841041,925,622,23,93,653,Level 1+,School Year 2016-2017,OHARE
609800,BENNETT,Frank I Bennett Elementary School,ES,10115 S PRAIRIE AVE,60628,41.710435,-87.61739,306,255,300,1,1,Level 1,School Year 2016-2017,ROSELAND
400094,EPIC HS,EPIC Academy Charter High School,HS,8255 S HOUSTON AVE,60617,41.744849,-87.550222,523,491,331,186,2,Level 1+,School Year 2016-2017,SOUTH CHICAGO
610367,DEPRIEST,Oscar DePriest Elementary School,ES,139 S PARKSIDE AVE,60644,41.877979,-87.766298,547,494,518,23,0,Level 1,School Year 2016-2017,AUSTIN
609806,BRADWELL,Myra Bradwell Communications Arts & Sciences ES,ES,7736 S BURNHAM AVE,60649,41.754365,-87.557142,480,437,473,4,1,Level 2,School Year 2016-2017,SOUTH SHORE
610184,SPRY ES,John Spry Elementary Community School,ES,2400 S MARSHALL BLVD,60623,41.847747,-87.700184,540,489,2,524,4,Level 2,School Year 2016-2017,SOUTH LAWNDALE
610157,SAWYER,Sidney Sawyer Elementary School,ES,5248 S SAWYER AVE,60632,41.797498,-87.705006,1548,1396,8,1517,15,Level 1,School Year 2016-2017,GAGE PARK
610178,SCHMID,Theophilus Schmid Elementary School,ES,9755 S GREENWOOD AVE,60628,41.716989,-87.596932,194,158,190,3,0,Level 2+,School Year 2016-2017,PULLMAN
609735,TILDEN HS,Edward Tilden Career Community Academy HS,HS,4747 S UNION AVE,60609,41.80751,-87.642966,239,225,133,76,21,Level 2,School Year 2016-2017,NEW CITY
400046,LEARN - BUTLER,L.E.A.R.N. - Romano Butler Campus,ES,1132 S HOMAN AVE,60624,41.867273,-87.710679,565,516,558,5,0,Level 2,School Year 2016-2017,NORTH LAWNDALE
610173,SHERWOOD,Jesse Sherwood Elementary School,ES,245 W 57TH ST,60621,41.7908,-87.632279,330,283,316,12,1,Level 1,School Year 2016-2017,ENGLEWOOD
610300,WESTCOTT,Oliver S Westcott Elementary School,ES,409 W 80TH ST,60620,41.748868,-87.634751,399,339,393,3,1,Level 1,School Year 2016-2017,CHATHAM
610586,SOUTHEAST,Southeast Area Elementary School,ES,3930 E 105TH,60617,41.704859,-87.527985,521,429,10,500,8,Inability to Rate,School Year 2016-2017,EAST SIDE
400130,YCCS - YOUTH DEVELOPMENT,YCCS-Community Youth Development Institute HS,HS,7836 S UNION AVE,60620,41.751377,-87.641731,121,114,118,3,0,Level 1,School Year 2016-2017,AUBURN GRESHAM
400112,ACERO - IDAR,Acero Charter Schools - Jovita Idar,ES,5050 S HOMAN AVE,60632,41.801042,-87.708797,571,518,2,541,0,Level 1,School Year 2016-2017,GAGE PARK
609760,CARVER MILITARY HS,George Washington Carver Military Academy HS,HS,13100 S DOTY AVE,60627,41.65629,-87.59062,479,443,192,281,3,Level 1,School Year 2016-2017,RIVERDALE
610159,SCAMMON,Jonathan Y Scammon Elementary School,ES,4201 W HENDERSON ST,60641,41.941678,-87.732179,750,674,15,653,45,Level 2+,School Year 2016-2017,IRVING PARK
609901,EDGEBROOK,Edgebrook Elementary School,ES,6525 N HIAWATHA AVE,60646,41.999437,-87.76184,509,62,11,72,340,Level 1+,School Year 2016-2017,FOREST GLEN
610195,SUTHERLAND,Elizabeth H Sutherland Elementary School,ES,10015 S LEAVITT ST,60643,41.711445,-87.676821,558,239,345,29,160,Level 2+,School Year 2016-2017,BEVERLY
609929,FULTON,Robert Fulton Elementary School,ES,5300 S HERMITAGE AVE,60609,41.79758,-87.668436,329,299,114,208,3,Level 2+,School Year 2016-2017,NEW CITY
610022,KILMER,Joyce Kilmer Elementary School,ES,6700 N GREENVIEW AVE,60626,42.00364,-87.668222,758,661,195,387,80,Level 2+,School Year 2016-2017,ROGERS PARK
610142,RAY,William H Ray Elementary School,ES,5631 S KIMBARK AVE,60637,41.792348,-87.594752,713,347,434,60,126,Level 1+,School Year 2016-2017,HYDE PARK
400171,FOUNDATIONS,Foundations College Preparatory Charter School,HS,1233 W 109TH PL,60643,41.694671,-87.653535,223,206,219,4,0,Level 2+,School Year 2016-2017,MORGAN PARK
610396,TARKINGTON,Tarkington School of Excellence ES,ES,3330 W 71ST ST,60629,41.764407,-87.706445,996,861,197,787,5,Level 1+,School Year 2016-2017,CHICAGO LAWN
609740,WELLS HS,Wells Community Academy High School,HS,936 N ASHLAND AVE,60622,41.898995,-87.667483,370,335,190,163,12,Level 2+,School Year 2016-2017,WEST TOWN
610391,LINDBLOM HS,Robert Lindblom Math & Science Academy HS,HS,6130 S WOLCOTT AVE,60636,41.782041,-87.671662,1331,882,941,325,34,Level 1+,School Year 2016-2017,WEST ENGLEWOOD
400176,CAMELOT - EXCEL SOUTHWEST HS,Excel - Southwest HS,HS,7014 S WASHTENAW AVE,60629,41.765929,-87.69073,123,117,113,8,0,Level 2+,School Year 2016-2017,CHICAGO LAWN
610153,RYDER,William H Ryder Math & Science Specialty ES,ES,8716 S WALLACE ST,60620,41.735379,-87.638843,397,348,397,0,0,Level 1,School Year 2016-2017,AUBURN GRESHAM
610111,PALMER,John Palmer Elementary School,ES,5051 N KENNETH AVE,60630,41.973289,-87.739213,802,600,5,380,239,Level 1+,School Year 2016-2017,ALBANY PARK
400168,GREAT LAKES,Great Lakes Academy Charter School,ES,8401 S SAGINAW AVE,60617,41.742671,-87.559907,292,219,259,31,0,Inability to Rate,School Year 2016-2017,SOUTH CHICAGO
609997,HOLMES,Oliver Wendell Holmes Elementary School,ES,955 W GARFIELD BLVD,60621,41.793788,-87.649795,160,137,153,5,1,Level 2,School Year 2016-2017,ENGLEWOOD
609924,FORT DEARBORN,Fort Dearborn Elementary School,ES,9025 S THROOP ST,60620,41.729673,-87.655481,373,318,372,1,0,Level 2+,School Year 2016-2017,WASHINGTON HEIGHTS
610000,HOWE,Julia Ward Howe Elementary School of Excellence,ES,720 N LOREL AVE,60644,41.893612,-87.759398,482,436,465,15,0,Level 1,School Year 2016-2017,AUSTIN
609909,EVERETT,Edward Everett Elementary School,ES,3419 S BELL AVE,60608,41.831555,-87.68131,201,154,8,177,7,Level 1,School Year 2016-2017,MCKINLEY PARK
609956,GRIMES,Robert L Grimes Elementary School,ES,5450 W 64TH PL,60638,41.775464,-87.758803,460,347,8,411,35,Level 1+,School Year 2016-2017,CLEARING
610518,AUSTIN CCA HS,Austin College and Career Academy High School,HS,231 N PINE AVE,60644,41.885993,-87.761916,223,216,215,5,1,Level 3,School Year 2016-2017,AUSTIN
400107,LEARN - SOUTH CHICAGO,L.E.A.R.N. - South Chicago Campus,ES,8914 S BUFFALO AVE,60617,41.733333,-87.54558,454,375,398,49,2,Level 2+,School Year 2016-2017,SOUTH CHICAGO
610392,WORLD LANGUAGE HS,World Language Academy High School,HS,3120 S KOSTNER AVE,60623,41.834397,-87.735292,351,337,23,319,3,Level 1,School Year 2016-2017,SOUTH LAWNDALE
610109,OWEN,William Bishop Owen Scholastic Academy ES,ES,8247 S CHRISTIANA AVE,60652,41.74285,-87.705749,267,155,238,20,1,Level 1,School Year 2016-2017,ASHBURN
609903,EDWARDS,Richard Edwards Elementary School,ES,4815 S KARLOV AVE,60632,41.805542,-87.725856,1533,1251,14,1454,29,Level 2+,School Year 2016-2017,ARCHER HEIGHTS
610216,WALSH,John A Walsh Elementary School,ES,2015 S PEORIA ST,60608,41.854836,-87.648086,348,271,35,301,6,Level 2,School Year 2016-2017,LOWER WEST SIDE
610251,CATHER,Willa Cather Elementary School,ES,2908 W WASHINGTON BLVD,60612,41.88295,-87.699187,375,320,358,11,0,Level 1,School Year 2016-2017,EAST GARFIELD PARK
610384,INFINITY HS,Infinity Math Science and Technology High School,HS,3120 S KOSTNER AVE,60623,41.836169,-87.735278,420,403,3,413,3,Level 1+,School Year 2016-2017,SOUTH LAWNDALE
400115,CATALYST - MARIA,Catalyst - Maria Charter School,ES,6727 S CALIFORNIA AVE,60629,41.770992,-87.693075,1065,995,471,565,15,Level 1+,School Year 2016-2017,CHICAGO LAWN
400131,YCCS - CAMPOS,YCCS-Dr. Pedro Albizu Campos Puerto Rican HS,HS,2739 W DIVISION ST,60622,41.90285,-87.696006,164,151,30,126,6,Level 1,School Year 2016-2017,WEST TOWN
609976,HAYT,Stephen K Hayt Elementary School,ES,1518 W GRANVILLE AVE,60660,41.994541,-87.668504,994,789,171,434,102,Level 1,School Year 2016-2017,EDGEWATER
400028,CICS - PRAIRIE,CICS - Prairie,ES,11530 S PRAIRIE AVE,60628,41.684433,-87.616888,419,372,217,189,4,Level 2+,School Year 2016-2017,WEST PULLMAN
610353,CALMECA,Calmeca Academy of Fine Arts and Dual Language,ES,3456 W 38TH ST,60632,41.824377,-87.711654,799,688,11,772,4,Level 1,School Year 2016-2017,BRIGHTON PARK
610170,COLUMBIA EXPLORERS,Columbia Explorers Elementary Academy,ES,4520 S KEDZIE AVE,60632,41.811069,-87.704199,1060,941,5,1031,14,Level 1+,School Year 2016-2017,BRIGHTON PARK
609920,KANOON,Gerald Delgado Kanoon Elementary Magnet School,ES,2233 S KEDZIE AVE,60623,41.850771,-87.705112,624,566,7,614,1,Level 2+,School Year 2016-2017,SOUTH LAWNDALE
610126,PERSHING,John J Pershing Elementary Humanities Magnet,ES,3200 S CALUMET AVE,60616,41.836527,-87.618338,588,451,553,16,7,Level 2+,School Year 2016-2017,DOUGLAS
610070,MCPHERSON,James B McPherson Elementary School,ES,4728 N WOLCOTT AVE,60640,41.967847,-87.676288,693,553,34,548,65,Level 1,School Year 2016-2017,LINCOLN SQUARE
610223,WENTWORTH,Daniel S Wentworth Elementary School,ES,1340 W 71ST ST,60636,41.765076,-87.658205,462,410,452,7,0,Level 2+,School Year 2016-2017,WEST ENGLEWOOD
609958,GUNSAULUS,Frank W Gunsaulus Elementary Scholastic Academy,ES,4420 S SACRAMENTO AVE,60632,41.813007,-87.699364,809,663,22,752,7,Level 1,School Year 2016-2017,BRIGHTON PARK
609918,FIELD,Eugene Field Elementary School,ES,7019 N ASHLAND AVE,60626,42.009664,-87.669985,158,151,50,85,6,Level 1,School Year 2016-2017,ROGERS PARK
609926,FRANKLIN,Franklin Elementary Fine Arts Center,ES,225 W EVERGREEN AVE,60610,41.9066,-87.635513,370,154,148,69,110,Level 1,School Year 2016-2017,NEAR NORTH SIDE
609857,CLEVELAND,Grover Cleveland Elementary School,ES,3121 W BYRON ST,60618,41.952042,-87.706443,556,443,19,453,36,Level 1,School Year 2016-2017,IRVING PARK
400029,CICS - WASHINGTON PARK,CICS - Washington Park,ES,110 E 61ST ST,60637,41.783617,-87.622068,451,402,446,2,0,Level 2,School Year 2016-2017,WASHINGTON PARK
400045,NKRUMAH,Kwame Nkrumah Academy Charter School,ES,314 W 108TH ST,60628,41.69804,-87.631058,180,154,177,0,0,Level 2+,School Year 2016-2017,ROSELAND
610038,LINCOLN,Abraham Lincoln Elementary School,ES,615 W KEMPER PL,60614,41.924525,-87.644497,898,136,117,91,551,Level 1+,School Year 2016-2017,LINCOLN PARK
610564,DISNEY II HS,Disney II Magnet High School,HS,3900 N LAWNDALE AVE,60618,41.952488,-87.721364,722,438,145,366,164,Level 1+,School Year 2016-2017,IRVING PARK
610312,MCDOWELL,Mary E McDowell Elementary School,ES,1419 E 89TH ST,60619,41.733132,-87.589589,152,127,146,5,0,Level 2+,School Year 2016-2017,CALUMET HEIGHTS
610530,SOUTH SHORE ES,South Shore Fine Arts Academy,ES,1415 E 70TH ST,60637,41.767755,-87.590396,396,331,375,15,0,Level 2+,School Year 2016-2017,SOUTH SHORE
610004,CULLEN,Countee Cullen Elementary School,ES,10650 S EBERHART AVE,60628,41.700335,-87.611244,186,160,180,2,0,Level 1+,School Year 2016-2017,ROSELAND
610248,CHICAGO ACADEMY ES,Chicago Academy Elementary School,ES,3400 N AUSTIN AVE,60634,41.943056,-87.778187,603,411,15,418,138,Level 1,School Year 2016-2017,DUNNING
610386,PEACE AND EDUCATION HS,Peace & Education Coalition HS,HS,4946 S PAULINA ST,60609,41.803515,-87.667378,103,98,28,74,1,Level 1+,School Year 2016-2017,NEW CITY
400142,YCCS - VIRTUAL,YCCS-Virtual HS,HS,1900 W VAN BUREN ST,60612,41.876317,-87.674138,0,0,0,0,0,Inability to Rate,School Year 2016-2017,NEAR WEST SIDE
610244,CLARK HS,Michele Clark Academic Prep Magnet High School,HS,5101 W HARRISON ST,60644,41.872885,-87.753325,548,512,534,13,0,Level 2+,School Year 2016-2017,AUSTIN
400121,ACERO - DE LA CRUZ,Acero Charter Schools - Sor Juana Inés de la Cruz,ES,7416 N RIDGE AVE,60645,42.016476,-87.684406,676,616,183,453,12,Level 2,School Year 2016-2017,WEST RIDGE
610047,MADISON,James Madison Elementary School,ES,7433 S DORCHESTER AVE,60619,41.759548,-87.590712,239,217,230,6,1,Level 2,School Year 2016-2017,SOUTH SHORE
610078,INTER-AMERICAN,Inter-American Elementary Magnet School,ES,851 W WAVELAND AVE,60613,41.949003,-87.651573,715,375,18,602,78,Level 1+,School Year 2016-2017,LAKE VIEW
609864,COOK,John W Cook Elementary School,ES,8150 S BISHOP ST,60620,41.745237,-87.659775,376,334,366,7,0,Level 2+,School Year 2016-2017,AUBURN GRESHAM
610087,BLAIR,Blair Early Childhood Center,ES,6751 W 63RD PL,60638,41.776556,-87.790604,189,88,19,139,26,Inability to Rate,School Year 2016-2017,CLEARING
609853,CHASE,Salmon P Chase Elementary School,ES,2021 N POINT ST,60647,41.917993,-87.694562,419,356,12,376,24,Level 1+,School Year 2016-2017,LOGAN SQUARE
610203,TONTI,Enrico Tonti Elementary School,ES,5815 S HOMAN AVE,60629,41.787523,-87.708179,1049,870,16,1008,12,Level 1,School Year 2016-2017,GAGE PARK
609851,CHALMERS,Thomas Chalmers Specialty Elementary School,ES,2745 W ROOSEVELT RD,60608,41.866435,-87.695259,370,325,349,15,0,Level 1,School Year 2016-2017,NORTH LAWNDALE
400118,NOBLE - DRW HS,Noble - DRW College Prep,HS,931 S HOMAN AVE,60624,41.869328,-87.711654,517,491,492,21,2,Level 1,School Year 2016-2017,NORTH LAWNDALE
610282,MCNAIR,Ronald E McNair Elementary School,ES,4820 W WALTON ST,60651,41.897819,-87.746731,399,345,327,64,1,Level 1+,School Year 2016-2017,AUSTIN
610293,MELODY,Genevieve Melody Elementary School,ES,3937 W WILCOX ST,60624,41.878799,-87.724661,474,431,469,3,1,Level 2+,School Year 2016-2017,WEST GARFIELD PARK
610044,LOWELL,James Russell Lowell Elementary School,ES,3320 W HIRSCH ST,60651,41.90652,-87.710217,440,390,90,339,8,Level 2+,School Year 2016-2017,HUMBOLDT PARK
610357,SPRY HS,Spry Community Links High School,HS,2400 S MARSHALL BLVD,60623,41.847762,-87.698946,127,122,1,124,1,Level 2+,School Year 2016-2017,SOUTH LAWNDALE
400084,ACERO - TAMAYO,Acero Charter Schools - Rufino Tamayo,ES,5135 S CALIFORNIA AVE,60632,41.79993,-87.693862,287,257,2,281,0,Level 1+,School Year 2016-2017,GAGE PARK
610291,LEE,Richard Henry Lee Elementary School,ES,6448 S TRIPP AVE,60629,41.775305,-87.728884,860,755,6,825,23,Level 1+,School Year 2016-2017,WEST LAWN
609722,MANLEY HS,Manley Career Academy High School,HS,2935 W POLK ST,60612,41.870939,-87.699896,113,105,110,3,0,Level 2,School Year 2016-2017,EAST GARFIELD PARK
609983,HEDGES,James Hedges Elementary School,ES,4747 S WINCHESTER AVE,60609,41.807112,-87.673327,671,600,12,648,8,Level 1,School Year 2016-2017,NEW CITY
609715,KELLY HS,Thomas Kelly High School,HS,4136 S CALIFORNIA AVE,60632,41.818729,-87.694639,1949,1834,73,1566,30,Level 2+,School Year 2016-2017,BRIGHTON PARK
609949,GRAY,William P Gray Elementary School,ES,3730 N LARAMIE AVE,60641,41.948764,-87.757116,1156,949,23,1000,92,Level 1,School Year 2016-2017,PORTAGE PARK
609895,TURNER-DREW,Turner-Drew Elementary Language Academy,ES,9300 S PRINCETON AVE,60620,41.725609,-87.630164,248,181,246,2,0,Level 2+,School Year 2016-2017,ROSELAND
610083,BEARD,Daniel C Beard Elementary School,ES,6445 W STRONG ST,60656,41.970125,-87.78963,183,90,7,83,69,Inability to Rate,School Year 2016-2017,NORWOOD PARK
400034,CICS - NORTHTOWN HS,CICS - Northtown,HS,3900 W PETERSON AVE,60659,41.990245,-87.726504,901,723,59,483,188,Level 1+,School Year 2016-2017,NORTH PARK
610340,CHICAGO ACADEMY HS,Chicago Academy High School,HS,3400 N AUSTIN AVE,60634,41.943054,-87.776847,541,444,64,334,107,Level 1,School Year 2016-2017,DUNNING
610012,JENNER,Edward Jenner Elementary Academy of the Arts,ES,1119 N CLEVELAND AVE,60610,41.902055,-87.641056,243,220,239,3,0,Level 2+,School Year 2016-2017,NEAR NORTH SIDE
609990,SOUTH LOOP,South Loop Elementary School,ES,1212 S PLYMOUTH CT,60605,41.866875,-87.628615,779,243,352,76,194,Level 1+,School Year 2016-2017,NEAR SOUTH SIDE
609941,RANDOLPH,Asa Philip Randolph Elementary School,ES,7316 S HOYNE AVE,60636,41.760614,-87.675966,506,445,461,44,1,Level 2+,School Year 2016-2017,WEST ENGLEWOOD
610066,MCDADE,James E McDade Elementary Classical School,ES,8801 S INDIANA AVE,60619,41.73455,-87.619214,194,65,173,2,4,Level 1+,School Year 2016-2017,CHATHAM
610122,PEIRCE,Helen Peirce International Studies ES,ES,1423 W BRYN MAWR AVE,60660,41.983456,-87.66585,1006,554,106,481,272,Level 1+,School Year 2016-2017,EDGEWATER
609870,CORKERY,Daniel J Corkery Elementary School,ES,2510 S KILDARE AVE,60623,41.845602,-87.731193,525,440,85,425,5,Level 2+,School Year 2016-2017,SOUTH LAWNDALE
400162,INTRINSIC HS,Intrinsic Charter School,HS,4540 W BELMONT AVE,60641,41.938988,-87.741129,1018,863,48,899,49,Level 1+,School Year 2016-2017,IRVING PARK
610226,SANDOVAL,Socorro Sandoval Elementary School,ES,5534 S SAINT LOUIS AVE,60629,41.792346,-87.710987,945,817,7,920,8,Level 1,School Year 2016-2017,GAGE PARK
609865,JORDAN,Jordan Elementary Community School,ES,7414 N WOLCOTT AVE,60626,42.017088,-87.677763,506,431,146,313,25,Level 2+,School Year 2016-2017,ROGERS PARK
400157,NOBLE - BAKER HS,Noble - Baker College Prep,HS,2710 E 89TH ST,60617,41.734622,-87.556201,366,330,308,46,4,Level 1+,School Year 2016-2017,SOUTH CHICAGO
610533,PRIETO,Dr Jorge Prieto Math and Science,ES,2231 N CENTRAL AVE,60639,41.921318,-87.765781,993,887,27,947,5,Level 1,School Year 2016-2017,BELMONT CRAGIN
610019,KERSHAW,Joshua D Kershaw Elementary School,ES,6450 S LOWE AVE,60621,41.776453,-87.640892,265,221,257,6,2,Level 2+,School Year 2016-2017,ENGLEWOOD
609986,HENDERSON,Charles R Henderson Elementary School,ES,5650 S WOLCOTT AVE,60636,41.790591,-87.671887,274,236,239,33,1,Level 2,School Year 2016-2017,WEST ENGLEWOOD
400167,HORIZON - SOUTHWEST,Horizon Science Academy Southwest Chicago Charter,ES,5401 S WESTERN AVE,60609,41.795201,-87.683963,715,665,217,492,3,Level 1,School Year 2016-2017,GAGE PARK
610100,WEST PARK,West Park Elementary Academy,ES,1425 N TRIPP AVE,60651,41.906907,-87.732443,594,522,141,446,2,Level 2+,School Year 2016-2017,HUMBOLDT PARK
610541,LORCA,Federico Garcia Lorca Elementary School,ES,3231 N SPRINGFIELD AVE,60618,41.940026,-87.724783,829,744,8,773,43,Level 1+,School Year 2016-2017,AVONDALE
400150,YCCS - CHATHAM,YCCS-Chatham AcademyHS,HS,9035 S LANGLEY AVE,60619,41.730131,-87.60698,109,101,108,1,0,Level 2,School Year 2016-2017,CHATHAM
400024,CICS - BASIL,CICS - Basil,ES,1816 W GARFIELD BLVD,60609,41.794043,-87.670243,737,650,625,99,5,Level 2,School Year 2016-2017,NEW CITY
609859,CLINTON,DeWitt Clinton Elementary School,ES,6110 N FAIRFIELD AVE,60659,41.992541,-87.69836,1188,958,141,336,197,Level 1+,School Year 2016-2017,WEST RIDGE
610394,UPLIFT HS,Uplift Community High School,HS,900 W WILSON AVE,60640,41.965547,-87.652473,245,229,196,34,6,Level 2+,School Year 2016-2017,UPTOWN
609695,AMUNDSEN HS,Roald Amundsen High School,HS,5110 N DAMEN AVE,60625,41.975067,-87.679484,1223,996,146,728,148,Level 1,School Year 2016-2017,LINCOLN SQUARE
610128,GARVEY,Marcus Moziah Garvey Elementary School,ES,10309 S MORGAN ST,60643,41.706603,-87.647577,244,211,241,2,0,Level 1,School Year 2016-2017,WASHINGTON HEIGHTS
610269,MCCUTCHEON,John T McCutcheon Elementary School,ES,4865 N SHERIDAN RD,60640,41.970949,-87.654758,377,306,167,99,26,Level 1+,School Year 2016-2017,UPTOWN
610065,TILL,Emmett Louis Till Math and Science Academy,ES,6543 S CHAMPLAIN AVE,60637,41.775424,-87.609357,350,304,342,6,0,Level 1,School Year 2016-2017,WOODLAWN
400036,CHICAGO VIRTUAL,Chicago Virtual Charter School,HS,38 S PEORIA ST,60607,41.88055,-87.649772,672,479,370,145,87,Level 2+,School Year 2016-2017,NEAR WEST SIDE
610063,MCCORMICK,Cyrus H McCormick Elementary School,ES,2712 S SAWYER AVE,60623,41.842267,-87.7063,713,620,2,709,2,Level 2+,School Year 2016-2017,SOUTH LAWNDALE
609894,DRAKE,John B Drake Elementary School,ES,2710 S DEARBORN ST,60616,41.844043,-87.628553,335,297,323,10,1,Level 2,School Year 2016-2017,DOUGLAS
610133,WARD L,Laura S Ward Elementary School,ES,646 N LAWNDALE AVE,60624,41.893236,-87.718797,461,412,430,28,2,Level 1+,School Year 2016-2017,HUMBOLDT PARK
400060,AHS - PASSAGES,Asian Human Services - Passages Charter School,ES,1643 W BRYN MAWR AVE,60660,41.983371,-87.67116,451,367,211,77,28,Level 2+,School Year 2016-2017,EDGEWATER
610287,ASHBURN,Ashburn Community Elementary School,ES,8300 S ST LOUIS AVE,60652,41.742351,-87.70961,515,401,450,58,1,Level 1+,School Year 2016-2017,ASHBURN
609755,YOUNG HS,Whitney M Young Magnet High School,HS,211 S LAFLIN ST,60607,41.878603,-87.664233,2156,891,461,644,609,Level 1+,School Year 2016-2017,NEAR WEST SIDE
609977,WOODLAWN,Woodlawn Community Elementary School,ES,6657 S KIMBARK AVE,60637,41.773366,-87.594392,216,175,212,4,0,Level 1,School Year 2016-2017,WOODLAWN
610107,OTIS,James Otis Elementary School,ES,525 N ARMOUR ST,60642,41.891806,-87.665426,453,394,109,320,12,Level 1,School Year 2016-2017,WEST TOWN
400009,GLOBAL CITIZENSHIP,Academy for Global Citizenship Charter School,ES,4647 W 47TH ST,60632,41.807579,-87.740097,463,312,22,408,30,Level 1,School Year 2016-2017,GARFIELD RIDGE
610569,OMBUDSMAN - NORTHWEST HS,Ombudsman Chicago- Northwest,HS,7500 N HARLEM AVE,60631,42.017171,-87.806682,205,167,15,117,56,Level 2,School Year 2016-2017,EDISON PARK
400022,CHIARTS HS,Chicago High School for the Arts (ChiArts),HS,2714 W AUGUSTA BLVD,60622,41.899377,-87.694945,621,332,238,202,119,Level 1+,School Year 2016-2017,WEST TOWN
610299,KING ES,Dr. Martin L. King Jr Academy of Social Justice,ES,644 W 71ST ST,60621,41.765335,-87.641335,240,209,238,0,0,Level 2,School Year 2016-2017,ENGLEWOOD
610143,REAVIS,William C Reavis Math & Science Specialty ES,ES,834 E 50TH ST,60615,41.804174,-87.604925,257,219,251,0,3,Level 2+,School Year 2016-2017,KENWOOD
609861,CLISSOLD,Henry R Clissold Elementary School,ES,2350 W 110TH PL,60643,41.693026,-87.680897,509,225,321,38,135,Level 1,School Year 2016-2017,MORGAN PARK
400120,ACERO - CLEMENTE,Acero Charter Schools - Roberto Clemente,ES,2050 N NATCHEZ AVE,60707,41.917952,-87.78783,544,486,14,521,6,Level 2+,School Year 2016-2017,BELMONT CRAGIN
610284,NEW FIELD,New Field Elementary School,ES,1707 W MORSE AVE,60626,42.007703,-87.673168,702,513,203,312,87,Level 1,School Year 2016-2017,ROGERS PARK
610016,KELLOGG,Kate S Kellogg Elementary School,ES,9241 S LEAVITT ST,60643,41.725263,-87.677233,258,110,213,10,19,Level 1+,School Year 2016-2017,BEVERLY
610105,ORIOLE PARK,Oriole Park Elementary School,ES,5424 N OKETO AVE,60656,41.978501,-87.812054,750,183,14,150,519,Level 1+,School Year 2016-2017,NORWOOD PARK
610342,SABIN,Albert R Sabin Elementary Magnet School,ES,2216 W HIRSCH ST,60622,41.906816,-87.68305,584,500,135,423,13,Level 1+,School Year 2016-2017,WEST TOWN
610345,WOODSON,Carter G Woodson South Elementary School,ES,4414 S EVANS AVE,60653,41.814499,-87.608419,324,288,306,13,0,Level 1,School Year 2016-2017,GRAND BOULEVARD
610104,ONAHAN,William J Onahan Elementary School,ES,6634 W RAVEN ST,60631,41.99379,-87.793108,659,227,6,189,408,Level 1,School Year 2016-2017,NORWOOD PARK
609730,SENN HS,Nicholas Senn High School,HS,5900 N GLENWOOD AVE,60660,41.989029,-87.667136,1437,1155,368,607,163,Level 1,School Year 2016-2017,EDGEWATER
609751,KING HS,Dr  Martin Luther King  Jr  College Prep HS,HS,4445 S DREXEL BLVD,60653,41.813675,-87.603874,598,492,562,23,1,Level 1+,School Year 2016-2017,KENWOOD
610082,MOUNT GREENWOOD,Mount Greenwood Elementary School,ES,10841 S HOMAN AVE,60655,41.695734,-87.70581,1129,160,15,148,941,Level 1+,School Year 2016-2017,MOUNT GREENWOOD
610230,WILDWOOD,Wildwood IB World Magnet School,ES,6950 N HIAWATHA AVE,60646,42.007491,-87.778345,494,67,19,97,310,Level 1+,School Year 2016-2017,FOREST GLEN
400164,INSTITUTO - LOZANO MASTERY HS,Instituto - Justice Lozano Mastery,HS,2570 S BLUE ISLAND AVE,60608,41.845957,-87.685903,81,79,1,80,0,Level 2,School Year 2016-2017,LOWER WEST SIDE
610043,LOVETT,Joseph Lovett Elementary School,ES,6333 W BLOOMINGDALE AVE,60639,41.912718,-87.783919,379,319,328,50,0,Level 1+,School Year 2016-2017,AUSTIN
400011,LOCKE A,Alain Locke Charter School,ES,3141 W JACKSON BLVD,60612,41.877248,-87.705235,500,438,496,3,0,Inability to Rate,School Year 2016-2017,EAST GARFIELD PARK
609798,BELDING,Hiram H Belding Elementary School,ES,4257 N TRIPP AVE,60641,41.958938,-87.73402,579,333,23,250,250,Level 2+,School Year 2016-2017,IRVING PARK
400135,YCCS - LATINO YOUTH,YCCS-Latino Youth Alternative HS,HS,2001 S CALIFORNIA AVE,60608,41.854665,-87.69543,202,190,11,189,0,Level 1,School Year 2016-2017,SOUTH LAWNDALE
609759,CLEMENTE HS,Roberto Clemente Community Academy High School,HS,1147 N WESTERN AVE,60622,41.902626,-87.686906,753,711,226,506,9,Level 2+,School Year 2016-2017,WEST TOWN
400101,ACERO - CISNEROS,Acero Charter Schools - Sandra Cisneros,ES,2744 W PERSHING RD,60632,41.822884,-87.693996,536,485,2,529,2,Level 1+,School Year 2016-2017,BRIGHTON PARK
610199,COLEMON,Johnnie Colemon Elementary Academy,ES,1441 W 119TH ST,60643,41.677505,-87.658111,254,197,235,17,0,Level 1+,School Year 2016-2017,WEST PULLMAN
400151,LEARN - 7,L.E.A.R.N. Charter School - 7th Campus,ES,3021 W CARROLL AVE,60612,41.88741,-87.701397,302,265,282,18,0,Level 2,School Year 2016-2017,EAST GARFIELD PARK
610565,CAMELOT - EXCEL ENGLEWOOD HS,Excel - Englewood HS,HS,7141 S MORGAN,60621,41.763896,-87.649124,202,193,201,1,0,Level 1+,School Year 2016-2017,ENGLEWOOD
609973,ZAPATA,Emiliano Zapata Elementary Academy,ES,2728 S KOSTNER AVE,60623,41.841394,-87.734313,767,681,1,765,1,Level 1+,School Year 2016-2017,SOUTH LAWNDALE
400178,MOVING EVEREST,Moving Everest Charter School,ES,416 N LARAMIE AVE,60644,41.888259,-87.755281,359,292,346,8,1,Inability to Rate,School Year 2016-2017,AUSTIN
610234,YATES,Richard Yates Elementary School,ES,1839 N RICHMOND ST,60647,41.915039,-87.70028,443,360,79,341,7,Level 1,School Year 2016-2017,LOGAN SQUARE
610188,DUNNE,Dunne Technology Academy,ES,10845 S UNION AVE,60628,41.696496,-87.639974,256,194,252,1,0,Level 1,School Year 2016-2017,ROSELAND
610192,STOWE,Harriet Beecher Stowe Elementary School,ES,3444 W WABANSIA AVE,60647,41.911938,-87.713318,675,613,54,611,6,Level 1,School Year 2016-2017,HUMBOLDT PARK
609967,FINKL,William F Finkl Elementary School,ES,2332 S WESTERN AVE,60608,41.849215,-87.685668,364,321,43,277,12,Level 2+,School Year 2016-2017,LOWER WEST SIDE
609761,CORLISS HS,George H Corliss High School,HS,821 E 103RD ST,60628,41.70666,-87.601216,307,284,302,4,0,Level 2,School Year 2016-2017,PULLMAN
609789,BARRY,John Barry Elementary School,ES,2828 N KILBOURN AVE,60641,41.932511,-87.739388,715,579,11,676,14,Level 1,School Year 2016-2017,HERMOSA
400096,ROWE,Rowe Elementary Charter School,ES,1424 N CLEAVER ST,60642,41.907797,-87.664072,990,809,176,791,12,Level 1,School Year 2016-2017,WEST TOWN
610185,STEVENSON,Adlai E Stevenson Elementary School,ES,8010 S KOSTNER AVE,60652,41.747107,-87.731666,1250,1025,69,1124,41,Level 1,School Year 2016-2017,ASHBURN
610515,DISNEY II ES,Disney II Magnet School,ES,3815 N KEDVALE AVE,60641,41.950461,-87.730678,431,132,34,147,156,Level 1+,School Year 2016-2017,IRVING PARK
400139,YCCS - SULLIVAN,YCCS-Sullivan House Alternative HS,HS,8164 S SOUTH CHICAGO AVE,60617,41.746287,-87.578492,322,309,304,16,1,Level 1+,School Year 2016-2017,AVALON PARK
609880,DECATUR,Stephen Decatur Classical Elementary School,ES,7030 N SACRAMENTO AVE,60645,42.009289,-87.704619,282,46,12,35,129,Level 1+,School Year 2016-2017,WEST RIDGE
609727,PHILLIPS HS,Wendell Phillips Academy High School,HS,244 E PERSHING RD,60653,41.82388,-87.619796,639,606,628,8,0,Level 2,School Year 2016-2017,DOUGLAS
400047,LEARN - CAMPBELL,L.E.A.R.N. - Charles and Dorothy Campbell Campus,ES,212 S FRANCISCO AVE,60612,41.877861,-87.698739,408,367,389,17,0,Level 2+,School Year 2016-2017,EAST GARFIELD PARK
609845,CARVER G,George Washington Carver Primary School,ES,901 E 133RD PL,60827,41.653702,-87.599516,489,429,480,7,1,Level 2,School Year 2016-2017,RIVERDALE
609783,JEFFERSON HS,Nancy B Jefferson Alternative HS,HS,1100 S HAMILTON AVE,60612,41.867832,-87.680418,208,181,174,30,3,Inability to Rate,School Year 2016-2017,NEAR WEST SIDE
400021,CATALYST - CIRCLE ROCK,Catalyst Elementary Charter School - Circle Rock,ES,5608 W WASHINGTON BLVD,60644,41.882322,-87.765322,518,442,502,11,0,Level 1,School Year 2016-2017,AUSTIN
610152,RUGGLES,Martha Ruggles Elementary School,ES,7831 S PRAIRIE AVE,60619,41.751946,-87.618066,415,370,407,6,0,Level 1,School Year 2016-2017,GREATER GRAND CROSSING
609995,HITCH,Rufus M Hitch Elementary School,ES,5625 N MCVICKER AVE,60646,41.983672,-87.779123,572,318,6,252,235,Level 1+,School Year 2016-2017,NORWOOD PARK
609952,GREENE,Nathanael Greene Elementary School,ES,3525 S HONORE ST,60609,41.829669,-87.671492,503,436,10,443,21,Level 2,School Year 2016-2017,MCKINLEY PARK
400145,YCCS - YOUTH CONNECTION,YCCS-Youth Connection Leadership Acad HS,HS,3424 S STATE ST,60616,41.832072,-87.626781,198,188,183,13,0,Level 2+,School Year 2016-2017,DOUGLAS
610103,OKEEFFE,Isabelle C O'Keeffe Elementary School,ES,6940 S MERRILL AVE,60649,41.768602,-87.572806,660,581,633,13,2,Level 1,School Year 2016-2017,SOUTH SHORE
400098,NOBLE - MUCHIN HS,Noble - Muchin College Prep,HS,1 N STATE ST,60602,41.88274,-87.626338,964,804,263,646,6,Level 1+,School Year 2016-2017,LOOP
609862,COLES,Edward Coles Elementary Language Academy,ES,8441 S YATES BLVD,60617,41.741413,-87.56597,429,377,421,5,0,Level 1+,School Year 2016-2017,SOUTH CHICAGO
400113,CICS - CHICAGOQUEST HS,CICS - ChicagoQuest North,HS,1443 N OGDEN AVE,60610,41.907797,-87.645561,262,246,227,27,4,Level 2+,School Year 2016-2017,NEAR NORTH SIDE
609678,JONES HS,William Jones College Preparatory High School,HS,700 S STATE ST,60605,41.873066,-87.627675,1866,732,259,529,669,Level 1+,School Year 2016-2017,LOOP
400089,ACERO - MARQUEZ,Acero Charter Schools - Officer Donald J. Marquez,ES,2916 W 47TH ST,60632,41.808309,-87.697394,567,517,4,553,1,Level 1,School Year 2016-2017,BRIGHTON PARK
610131,PLAMONDON,Ambrose Plamondon Elementary School,ES,2642 W 15TH PL,60608,41.860259,-87.692526,140,130,44,93,2,Level 2,School Year 2016-2017,NORTH LAWNDALE
609682,RICHARDS HS,Ellen H Richards Career Academy High School,HS,5009 S LAFLIN ST,60609,41.802881,-87.662278,218,196,87,129,2,Level 2,School Year 2016-2017,NEW CITY
610250,SALAZAR,Rueben Salazar Elementary Bilingual Center,ES,160 W WENDELL ST,60610,41.901417,-87.633632,343,274,116,218,5,Level 1+,School Year 2016-2017,NEAR NORTH SIDE
610354,NORTH RIVER,North River Elementary School,ES,4416 N TROY ST,60625,41.961721,-87.707151,322,265,5,286,15,Level 1,School Year 2016-2017,ALBANY PARK
609856,CLAY,Henry Clay Elementary School,ES,13231 S BURLEY AVE,60633,41.654558,-87.544614,609,508,70,465,53,Level 1,School Year 2016-2017,HEGEWISCH
610033,LASALLE,LaSalle Elementary Language Academy,ES,1734 N ORLEANS ST,60614,41.9139,-87.637565,562,180,169,115,187,Level 1+,School Year 2016-2017,LINCOLN PARK
610347,CLAREMONT,Claremont Academy Elementary School,ES,2300 W 64TH ST,60636,41.777511,-87.681061,425,393,348,65,3,Level 1+,School Year 2016-2017,CHICAGO LAWN
609774,ALCOTT ES,Louisa May Alcott College Preparatory ES,ES,2625 N ORCHARD ST,60614,41.92985,-87.646413,629,107,42,78,389,Level 1+,School Year 2016-2017,LINCOLN PARK
609793,NICHOLSON,Lillian R. Nicholson STEM Academy,ES,6006 S PEORIA ST,60621,41.784942,-87.647453,467,419,446,18,0,Level 2+,School Year 2016-2017,ENGLEWOOD
609899,EBINGER,Christian Ebinger Elementary School,ES,7350 W PRATT AVE,60631,42.004408,-87.81117,834,129,10,112,675,Level 1+,School Year 2016-2017,EDISON PARK
610249,TALMAN,Talman Elementary School,ES,5450 S TALMAN AVE,60632,41.794048,-87.690261,435,354,7,419,1,Level 1,School Year 2016-2017,GAGE PARK
400163,KIPP - BLOOM,KIPP Chicago Charter School - KIPP Bloom,ES,5515 S LOWE AVE,60621,41.793556,-87.639967,360,335,332,23,1,Level 1+,School Year 2016-2017,ENGLEWOOD
610197,TALCOTT,Mancel Talcott Elementary School,ES,1840 W OHIO ST,60622,41.892405,-87.673723,501,383,37,411,35,Level 1+,School Year 2016-2017,WEST TOWN
609867,COOPER,Peter Cooper Elementary Dual Language Academy,ES,1624 W 19TH ST,60608,41.856031,-87.667227,459,407,8,445,4,Level 1+,School Year 2016-2017,LOWER WEST SIDE
610095,NEWBERRY,Walter L Newberry Math & Science Academy ES,ES,700 W WILLOW ST,60614,41.913947,-87.64599,566,344,274,151,91,Level 1+,School Year 2016-2017,LINCOLN PARK
609777,ARMOUR,Phillip D Armour Elementary School,ES,950 W 33RD PL,60608,41.833854,-87.650653,276,221,17,217,25,Level 1,School Year 2016-2017,BRIDGEPORT
610037,LIBBY,Arthur A Libby Elementary School,ES,5300 S LOOMIS BLVD,60609,41.797685,-87.659933,351,315,244,104,0,Level 1,School Year 2016-2017,NEW CITY
610179,SMYSER,Washington D Smyser Elementary School,ES,4310 N MELVINA AVE,60634,41.958868,-87.781975,957,672,19,590,299,Level 1,School Year 2016-2017,PORTAGE PARK
609879,DAWES,Charles Gates Dawes Elementary School,ES,3810 W 81ST PL,60652,41.745078,-87.717353,993,900,150,826,9,Level 1+,School Year 2016-2017,ASHBURN
610308,RUDOLPH,Wilma Rudolph Elementary Learning Center,ES,110 N PAULINA ST,60612,41.883568,-87.669477,97,74,38,50,5,Inability to Rate,School Year 2016-2017,NEAR WEST SIDE
400111,LEARN - PERKINS,L.E.A.R.N. - Hunter Perkins Campus,ES,1700 W 83RD ST,60620,41.743122,-87.665721,507,415,501,5,0,Level 2+,School Year 2016-2017,AUBURN GRESHAM
609754,CHICAGO MILITARY HS,Chicago Military Academy High School,HS,3519 S GILES AVE,60653,41.830555,-87.619216,313,295,202,102,5,Level 1,School Year 2016-2017,DOUGLAS
400055,NOBLE - RAUNER HS,Noble - Rauner College Prep,HS,1337 W OHIO ST,60642,41.892425,-87.660859,634,522,106,498,14,Level 1+,School Year 2016-2017,WEST TOWN
610567,MAGIC JOHNSON - ROSELAND HS,Magic Johnson- Roseland HS,HS,10928 S HALSTED AVE,60661,41.69516,-87.642697,148,131,145,1,0,Inability to Rate,School Year 2016-2017,MORGAN PARK
609935,GALLISTEL,Matthew Gallistel Elementary Language Academy,ES,10347 S EWING AVE,60617,41.706801,-87.535175,791,690,23,755,11,Level 1+,School Year 2016-2017,EAST SIDE
610117,PASTEUR,Louis Pasteur Elementary School,ES,5825 S KOSTNER AVE,60629,41.786895,-87.732666,708,569,3,682,17,Level 2+,School Year 2016-2017,WEST ELSDON
609866,COONLEY,John C Coonley Elementary School,ES,4046 N LEAVITT ST,60618,41.955553,-87.683765,1003,187,18,234,628,Level 1+,School Year 2016-2017,NORTH CENTER
609803,BLAINE,James G Blaine Elementary School,ES,1420 W GRACE ST,60613,41.950781,-87.664968,889,144,31,191,577,Level 1+,School Year 2016-2017,LAKE VIEW
610207,VANDERPOEL,John H Vanderpoel Elementary Magnet School,ES,9510 S PROSPECT AVE,60643,41.720817,-87.665559,279,179,276,2,1,Level 1,School Year 2016-2017,BEVERLY
609996,HOLDEN,Charles N Holden Elementary School,ES,1104 W 31ST ST,60608,41.838027,-87.653792,500,414,44,299,61,Level 1+,School Year 2016-2017,BRIDGEPORT
609955,GRESHAM,Walter Q Gresham Elementary School,ES,8524 S GREEN ST,60620,41.73892,-87.645025,317,285,310,4,0,Level 1+,School Year 2016-2017,AUBURN GRESHAM
610256,ROBINSON,Jackie Robinson Elementary School,ES,4225 S LAKE PARK AVE,60653,41.817349,-87.599067,119,90,118,0,1,Level 2,School Year 2016-2017,OAKLAND
610257,MORTON,Morton School of Excellence,ES,431 N TROY ST,60612,41.889178,-87.705108,310,275,282,26,0,Level 1,School Year 2016-2017,HUMBOLDT PARK
609863,COLUMBUS,Christopher Columbus Elementary School,ES,1003 N LEAVITT ST,60622,41.899566,-87.681938,283,214,18,63,191,Level 1,School Year 2016-2017,WEST TOWN
400127,YCCS - AUSTIN CAREER,YCCS-Austin Career Education Center HS,HS,5352 W CHICAGO AVE,60651,41.894976,-87.760221,113,104,110,2,1,Level 1+,School Year 2016-2017,AUSTIN
400179,NOBLE - MANSUETO HS,Noble Mansueto High School,HS,2911 W 47TH,60632,41.800136,-87.728003,525,480,6,500,6,Inability to Rate,School Year 2016-2017,ARCHER HEIGHTS
609780,MARINE LEADERSHIP AT AMES HS,Marine Leadership Academy at Ames,HS,1920 N HAMLIN AVE,60647,41.916045,-87.721742,867,834,39,819,4,Level 1+,School Year 2016-2017,LOGAN SQUARE
610581,MAGIC JOHNSON - BRAINERD HS,Magic Johnson- Brainerd HS,HS,8908 S ASHLAND AVE,60620,41.731492,-87.66314,152,130,145,5,0,Level 2,School Year 2016-2017,WASHINGTON HEIGHTS
400013,ASPIRA - EARLY COLLEGE HS,ASPIRA Charter School - Early College High School,HS,3986 W BARRY AVE,60618,41.937298,-87.727096,378,358,12,350,5,Level 2+,School Year 2016-2017,AVONDALE
610290,MAYS,Benjamin E Mays Elementary Academy,ES,6656 S NORMAL BLVD,60621,41.772727,-87.637277,373,333,365,5,0,Level 2,School Year 2016-2017,ENGLEWOOD
400032,CICS - ELLISON HS,CICS - Ralph Ellison,HS,1817 W 80TH ST,60620,41.748382,-87.66898,425,391,417,3,0,Level 2+,School Year 2016-2017,AUBURN GRESHAM
610093,NEIL,Jane A Neil Elementary School,ES,8555 S MICHIGAN AVE,60619,41.738407,-87.620933,257,223,254,2,1,Inability to Rate,School Year 2016-2017,CHATHAM
610006,HURLEY,Edward N Hurley Elementary School,ES,3849 W 69TH PL,60629,41.766785,-87.719541,832,706,9,817,1,Level 1,School Year 2016-2017,WEST LAWN
609902,METCALFE,Ralph H Metcalfe Elementary Community Academy,ES,12339 S NORMAL AVE,60628,41.669444,-87.634306,371,333,363,8,0,Level 1+,School Year 2016-2017,WEST PULLMAN
609745,SOUTHSIDE HS,Southside Occupational Academy High School,HS,7342 S HOYNE AVE,60636,41.759852,-87.675947,269,245,181,75,13,Inability to Rate,School Year 2016-2017,WEST ENGLEWOOD
610141,RAVENSWOOD,Ravenswood Elementary School,ES,4332 N PAULINA ST,60613,41.960746,-87.670922,551,227,52,206,232,Level 1+,School Year 2016-2017,LAKE VIEW
609791,BASS,Perkins Bass Elementary School,ES,1140 W 66TH ST,60621,41.774246,-87.653532,438,391,424,9,0,Level 2,School Year 2016-2017,ENGLEWOOD
610557,PATHWAYS - ASHBURN HS,Pathways in Education- Ashburn,HS,3284 W 87TH ST,60652,41.735239,-87.70406,227,200,62,141,22,Level 2,School Year 2016-2017,ASHBURN
609872,PEREZ,Manuel Perez Elementary School,ES,1241 W 19TH ST,60608,41.856029,-87.65798,294,269,4,288,2,Level 1,School Year 2016-2017,LOWER WEST SIDE
609947,GRAHAM ES,Alexander Graham Elementary School,ES,4436 S UNION AVE,60609,41.813304,-87.643344,414,361,101,201,109,Level 2+,School Year 2016-2017,NEW CITY
609830,BRUNSON,Milton Brunson Math & Science Specialty ES,ES,932 N CENTRAL AVE,60651,41.897663,-87.765606,478,439,428,46,1,Level 1,School Year 2016-2017,AUSTIN
609961,NINOS HEROES,Ninos Heroes Elementary Academic Center,ES,8344 S COMMERCIAL AVE,60617,41.743753,-87.551862,373,308,316,52,2,Level 2,School Year 2016-2017,SOUTH CHICAGO
610368,HUGHES L,Langston Hughes Elementary School,ES,240 W 104TH ST,60628,41.705342,-87.629869,458,391,438,15,1,Level 2+,School Year 2016-2017,ROSELAND
400023,CICS - AVALON/SOUTH SHORE,CICS - Avalon/South Shore,ES,1501 E 83RD PL,60619,41.743179,-87.587928,476,408,466,5,0,Level 1+,School Year 2016-2017,AVALON PARK
610147,ROGERS,Philip Rogers Elementary School,ES,7345 N WASHTENAW AVE,60645,42.015265,-87.697185,777,528,129,302,127,Level 1+,School Year 2016-2017,WEST RIDGE
609900,CURTIS,George W Curtis Elementary School,ES,32 E 115TH ST,60628,41.685418,-87.621653,504,457,467,23,1,Level 1,School Year 2016-2017,ROSELAND
400061,PERSPECTIVES - LEADERSHIP HS,Perspectives - Leadership Academy,HS,8131 S MAY ST,60620,41.745961,-87.652045,428,406,417,5,0,Level 1,School Year 2016-2017,AUBURN GRESHAM
610339,STAGG,Amos Alonzo Stagg Elementary School,ES,7424 S MORGAN ST,60621,41.758925,-87.649217,414,360,403,9,0,Level 2,School Year 2016-2017,ENGLEWOOD
609734,TAFT HS,William Howard Taft High School,HS,6530 W BRYN MAWR AVE,60631,41.982961,-87.791547,3369,1823,77,1332,1559,Level 1,School Year 2016-2017,NORWOOD PARK
400159,CHRISTOPHER HOUSE,Christopher House Charter School,ES,5235 W BELDEN AVE,60639,41.922181,-87.757522,340,312,11,322,5,Level 1,School Year 2016-2017,BELMONT CRAGIN
610362,EVERS,Medgar Evers Elementary School,ES,9811 S LOWE AVE,60628,41.715665,-87.639305,276,224,271,5,0,Level 1+,School Year 2016-2017,WASHINGTON HEIGHTS
610524,ALCOTT HS,Louisa May Alcott College Preparatory HS,HS,2957 N HOYNE AVE,60618,41.935795,-87.680562,319,265,50,223,30,Level 1+,School Year 2016-2017,NORTH CENTER
609833,CALDWELL,Charles P Caldwell Academy of Math & Science ES,ES,8546 S CREGIER AVE,60617,41.739226,-87.580729,260,218,257,1,1,Level 2+,School Year 2016-2017,AVALON PARK
400129,YCCS - PROGRESSIVE LEADERSHIP,YCCS-Progressive Leadership Academy,HS,6620 S DR MARTIN LUTHER KING JR DR,60637,41.773962,-87.61574,136,133,135,1,0,Level 2+,School Year 2016-2017,GREATER GRAND CROSSING
400030,CICS - WEST BELDEN,CICS - West Belden,ES,2245 N MCVICKER AVE,60639,41.921687,-87.776749,527,458,36,483,5,Level 1+,School Year 2016-2017,BELMONT CRAGIN
400027,CICS - IRVING PARK,CICS - Irving Park,ES,3820 N SPAULDING AVE,60618,41.950891,-87.710492,556,319,32,377,94,Level 1,School Year 2016-2017,IRVING PARK
609908,ESMOND,Esmond Elementary School,ES,1865 W MONTVALE AVE,60643,41.68942,-87.669159,277,251,274,2,1,Level 2+,School Year 2016-2017,MORGAN PARK
400051,NOBLE - NOBLE HS,Noble - Noble College Prep,HS,1010 N NOBLE ST,60642,41.900191,-87.662628,655,580,82,552,8,Level 1+,School Year 2016-2017,WEST TOWN
609708,FOREMAN HS,Edwin G. Foreman College and Career Academy,HS,3235 N LECLAIRE AVE,60641,41.939797,-87.754167,802,750,180,591,20,Level 2,School Year 2016-2017,PORTAGE PARK
609910,FALCONER,Laughlin Falconer Elementary School,ES,3020 N LAMON AVE,60641,41.935785,-87.749331,1184,987,24,1099,39,Level 1,School Year 2016-2017,BELMONT CRAGIN
609836,CANTY,Arthur E Canty Elementary School,ES,3740 N PANAMA AVE,60634,41.948007,-87.829296,861,419,13,352,447,Level 1+,School Year 2016-2017,DUNNING
610059,MAYER,Oscar F Mayer Elementary School,ES,2250 N CLIFTON AVE,60614,41.923204,-87.657287,758,100,61,111,540,Level 1+,School Year 2016-2017,LINCOLN PARK
400137,LITTLE BLACK PEARL HS,Little Black Pearl Art and Design Academy,HS,1060 E 47TH ST,60653,41.809695,-87.59934,116,98,112,1,0,Level 2+,School Year 2016-2017,KENWOOD
609891,DOOLITTLE,James R Doolittle Jr Elementary School,ES,535 E 35TH ST,60616,41.831121,-87.612275,273,244,270,2,0,Level 3,School Year 2016-2017,DOUGLAS
609987,HENDRICKS,Thomas A Hendricks Elementary Community Academy,ES,4316 S PRINCETON AVE,60609,41.815788,-87.633664,243,205,222,12,4,Level 1,School Year 2016-2017,FULLER PARK
609969,HARTE,Bret Harte Elementary School,ES,1556 E 56TH ST,60637,41.793447,-87.586855,318,233,278,24,8,Level 1,School Year 2016-2017,HYDE PARK
610102,OGLESBY,Richard J Oglesby Elementary School,ES,7646 S GREEN ST,60620,41.75467,-87.645469,487,431,486,0,0,Level 2+,School Year 2016-2017,AUBURN GRESHAM
610077,MORRILL,Donald Morrill Math & Science Elementary School,ES,6011 S ROCKWELL ST,60629,41.784313,-87.688549,653,586,218,427,7,Level 2+,School Year 2016-2017,CHICAGO LAWN
609782,AUDUBON,John J Audubon Elementary School,ES,3500 N HOYNE AVE,60618,41.945062,-87.681041,574,119,15,141,358,Level 1+,School Year 2016-2017,NORTH CENTER
400050,NAMASTE,Namaste Charter School,ES,3737 S PAULINA ST,60609,41.8257,-87.667724,484,366,13,430,30,Level 1,School Year 2016-2017,MCKINLEY PARK
610177,SKINNER,Mark Skinner Elementary School,ES,1260 W ADAMS ST,60607,41.879103,-87.659419,1084,252,341,124,259,Level 1+,School Year 2016-2017,NEAR WEST SIDE
610136,PRESCOTT,William H Prescott Elementary School,ES,1632 W WRIGHTWOOD AVE,60614,41.928841,-87.669528,432,184,75,153,156,Level 1+,School Year 2016-2017,LINCOLN PARK
610194,SUMNER,Charles Sumner  Math & Science Community Acad ES,ES,4320 W 5TH AVE,60624,41.870828,-87.733524,278,223,274,3,0,Level 1+,School Year 2016-2017,WEST GARFIELD PARK
609968,MCAULIFFE,Sharon Christa McAuliffe Elementary School,ES,1841 N SPRINGFIELD AVE,60647,41.914816,-87.723931,731,635,28,680,17,Level 2+,School Year 2016-2017,HERMOSA
610110,WELLS ES,Ida B Wells Preparatory Elementary Academy,ES,249 E 37TH ST,60653,41.827355,-87.61978,395,336,356,18,0,Level 2+,School Year 2016-2017,DOUGLAS
400035,CHICAGO MATH & SCIENCE HS,Chicago Math and Science Academy Charter School,HS,7212 N CLARK ST,60626,42.013031,-87.674818,584,533,180,317,20,Level 1+,School Year 2016-2017,ROGERS PARK
609726,BROOKS HS,Gwendolyn Brooks College Preparatory Academy HS,HS,250 E 111TH ST,60628,41.692763,-87.616353,959,692,757,175,7,Level 1+,School Year 2016-2017,ROSELAND
610572,CAMELOT - SAFE ES,Camelot Safe Elementary,ES,7877 S COLES AVE,60649,41.753117,-87.550513,4,4,3,1,0,Level 1,School Year 2016-2017,SOUTH SHORE
609709,GAGE PARK HS,Gage Park High School,HS,5630 S ROCKWELL ST,60629,41.791013,-87.688954,330,315,128,200,1,Level 2,School Year 2016-2017,GAGE PARK
609804,BOONE,Daniel Boone Elementary School,ES,6710 N WASHTENAW AVE,60645,42.003412,-87.697463,826,694,67,349,169,Level 1,School Year 2016-2017,WEST RIDGE
609904,ELLINGTON,Edward K Ellington Elementary School,ES,243 N PARKSIDE AVE,60644,41.88553,-87.766589,503,437,480,17,3,Level 1,School Year 2016-2017,AUSTIN
610499,COLLINS HS,Collins Academy High School,HS,1313 S SACRAMENTO DR,60623,41.864149,-87.702042,256,255,251,4,0,Level 3,School Year 2016-2017,NORTH LAWNDALE
400124,YCCS - MCKINLEY,YCCS-Ada S. McKinley-Lakeside HS,HS,2920 S WABASH AVE,60616,41.841331,-87.625331,124,121,117,7,0,Level 2+,School Year 2016-2017,DOUGLAS
609928,FULLER,Melville W Fuller Elementary School,ES,4214 S ST LAWRENCE AVE,60653,41.818003,-87.611784,364,327,359,4,0,Level 2+,School Year 2016-2017,GRAND BOULEVARD
400173,PATHWAYS - BRIGHTON PARK HS,Pathways in Education- Brighton Park,HS,3124 W 47TH ST,60632,41.808226,-87.702645,270,255,9,243,12,Level 2,School Year 2016-2017,BRIGHTON PARK
609994,HIBBARD,William G Hibbard Elementary School,ES,3244 W AINSLIE ST,60625,41.970335,-87.710362,982,812,47,796,55,Level 1+,School Year 2016-2017,ALBANY PARK
400087,YOUNG WOMENS HS,Young Women's Leadership Charter School,HS,2641 S CALUMET AVE,60616,41.844544,-87.618724,198,183,183,9,4,Level 2+,School Year 2016-2017,DOUGLAS
400134,YCCS - ADDAMS,YCCS-Jane Addams Alternative HS,HS,1814 S UNION AVE,60616,41.857208,-87.644888,161,155,43,110,6,Level 1+,School Year 2016-2017,LOWER WEST SIDE
610573,CAMELOT - SAFE HS,Camelot Safe HS,HS,7530 S SOUTH SHORE DR,60649,41.753115,-87.551804,5,5,5,0,0,Level 1,School Year 2016-2017,SOUTH SHORE
609716,KELVYN PARK HS,Kelvyn Park High School,HS,4343 W WRIGHTWOOD AVE,60639,41.927918,-87.735999,445,415,31,402,7,Level 2,School Year 2016-2017,HERMOSA
609796,BEAUBIEN,Jean Baptiste Beaubien Elementary School,ES,5025 N LARAMIE AVE,60630,41.972394,-87.757565,1093,525,23,402,417,Level 1+,School Year 2016-2017,JEFFERSON PARK
609797,BEIDLER,Jacob Beidler Elementary School,ES,3151 W WALNUT ST,60612,41.885321,-87.705855,442,373,427,15,0,Level 2,School Year 2016-2017,EAST GARFIELD PARK
609788,BARNARD,Alice L Barnard Computer Math & Science Ctr ES,ES,10354 S CHARLES ST,60643,41.705131,-87.658074,314,241,304,3,3,Level 1,School Year 2016-2017,BEVERLY
609746,KENWOOD HS,Kenwood Academy High School,HS,5015 S BLACKSTONE AVE,60615,41.803772,-87.590421,1763,1060,1468,78,91,Level 1+,School Year 2016-2017,KENWOOD
400066,PERSPECTIVES - MATH & SCI HS,Perspectives - Math and Science Academy,HS,3663 S WABASH AVE,60653,41.827784,-87.624788,445,400,430,13,1,Level 1,School Year 2016-2017,DOUGLAS
610570,OMBUDSMAN - SOUTH HS,Ombudsman Chicago- South,HS,6057 S WESTERN AVE,60636,41.783027,-87.683635,474,438,229,236,5,Level 2,School Year 2016-2017,CHICAGO LAWN
610355,COURTENAY,Mary E Courtenay Elementary Language Arts Center,ES,4420 N BEACON ST,60640,41.962308,-87.663853,403,321,198,139,33,Level 1+,School Year 2016-2017,UPTOWN
610127,PETERSON,Mary Gage Peterson Elementary School,ES,5510 N CHRISTIANA AVE,60625,41.981557,-87.712583,888,583,46,336,238,Level 1+,School Year 2016-2017,NORTH PARK
609704,FARRAGUT HS,David G Farragut Career Academy High School,HS,2345 S CHRISTIANA AVE,60623,41.84856,-87.708706,731,703,60,658,4,Level 2,School Year 2016-2017,SOUTH LAWNDALE
610201,THORP O,Ole A Thorp Elementary Scholastic Academy,ES,6024 W WARWICK AVE,60634,41.948571,-87.777631,849,405,82,409,277,Level 1+,School Year 2016-2017,DUNNING
609839,CARROLL,Carroll-Rosenwald Specialty Elementary School,ES,2929 W 83RD ST,60652,41.742517,-87.696012,420,340,402,14,2,Level 2+,School Year 2016-2017,ASHBURN
400031,CICS - WRIGHTWOOD,CICS - Wrightwood,ES,8130 S CALIFORNIA AVE,60652,41.745365,-87.692614,765,636,722,25,2,Level 2+,School Year 2016-2017,ASHBURN
610148,CHAVEZ,Cesar E Chavez Multicultural Academic Center ES,ES,4747 S MARSHFIELD AVE,60609,41.807143,-87.666037,965,864,25,928,7,Level 1+,School Year 2016-2017,NEW CITY
610274,JOHNSON,James Weldon Johnson Elementary School,ES,1420 S ALBANY AVE,60623,41.861836,-87.703139,413,372,394,12,2,Level 2+,School Year 2016-2017,NORTH LAWNDALE
609779,ARMSTRONG G,George Armstrong International Studies ES,ES,2110 W GREENLEAF AVE,60645,42.01015,-87.684442,1409,1185,367,603,107,Level 1+,School Year 2016-2017,WEST RIDGE
609964,HAMLINE,John H Hamline Elementary School,ES,4747 S BISHOP ST,60609,41.807242,-87.661175,535,478,37,487,6,Level 2,School Year 2016-2017,NEW CITY
610132,POE,Edgar Allan Poe Elementary Classical School,ES,10538 S LANGLEY AVE,60628,41.70263,-87.606419,208,90,185,11,5,Level 1+,School Year 2016-2017,PULLMAN
609981,HEARST,Phoebe Apperson Hearst Elementary School,ES,4640 S LAMON AVE,60638,41.808175,-87.745726,362,316,135,215,5,Level 1+,School Year 2016-2017,GARFIELD RIDGE
610405,SUDER,Suder Montessori Magnet ES,ES,2022 W WASHINGTON BLVD,60612,41.883215,-87.677636,414,209,230,64,76,Level 1+,School Year 2016-2017,NEAR WEST SIDE
609978,SMITH,Wendell Smith Elementary School,ES,744 E 103RD ST,60628,41.707558,-87.60466,355,320,354,1,0,Level 1+,School Year 2016-2017,PULLMAN
400147,CAMELOT - EXCEL HS,Chicago Excel Academy,HS,1257 W 111TH ST,60643,41.691953,-87.654248,260,239,249,9,0,Level 1,School Year 2016-2017,MORGAN PARK
609884,DEVER,William E Dever Elementary School,ES,3436 N OSCEOLA AVE,60634,41.942552,-87.813132,777,456,16,383,294,Level 1,School Year 2016-2017,DUNNING
610054,MARSH,John L Marsh Elementary School,ES,9822 S EXCHANGE AVE,60617,41.716588,-87.552483,744,641,52,684,5,Level 1,School Year 2016-2017,SOUTH DEERING
400092,CICS - BOND,CICS - Lloyd Bond,ES,13300 S LANGLEY AVE,60827,41.653663,-87.605039,338,311,333,1,0,Level 1,School Year 2016-2017,RIVERDALE
400128,YCCS - CCA ACADEMY,YCCS-CCA Academy HS,HS,1231 S PULASKI RD,60623,41.864943,-87.723662,134,128,133,0,0,Level 1,School Year 2016-2017,NORTH LAWNDALE
400170,NOBLE - ACADEMY HS,Noble - The Noble Academy,HS,1443 N OGDEN AVE,60610,41.906879,-87.645577,506,414,235,226,15,Level 1,School Year 2016-2017,NEAR NORTH SIDE
609927,FOSTER PARK,Foster Park Elementary School,ES,8530 S WOOD ST,60620,41.738425,-87.668099,362,298,340,10,0,Level 1,School Year 2016-2017,AUBURN GRESHAM
400033,CICS - LONGWOOD,CICS - Longwood,HS,1309 W 95TH ST,60643,41.721221,-87.655768,1329,1221,1307,8,2,Level 2,School Year 2016-2017,WASHINGTON HEIGHTS
610200,THORP J,James N Thorp Elementary School,ES,8914 S BUFFALO AVE,60617,41.733324,-87.54428,317,292,243,65,5,Level 2,School Year 2016-2017,SOUTH CHICAGO
609876,DAVIS N,Nathan S Davis Elementary School,ES,3014 W 39TH PL,60632,41.821852,-87.700202,737,651,13,701,18,Level 1,School Year 2016-2017,BRIGHTON PARK
609815,BOUCHET,Edward A Bouchet Math & Science Academy ES,ES,7355 S JEFFERY BLVD,60649,41.760847,-87.576075,611,547,600,5,0,Level 1+,School Year 2016-2017,SOUTH SHORE
609713,HYDE PARK HS,Hyde Park Academy High School,HS,6220 S STONY ISLAND AVE,60637,41.782257,-87.586615,852,803,840,7,1,Level 2,School Year 2016-2017,WOODLAWN
610009,GALILEO,Galileo Math & Science Scholastic Academy ES,ES,820 S CARPENTER ST,60607,41.871255,-87.653366,571,334,130,334,42,Level 1+,School Year 2016-2017,NEAR WEST SIDE
610032,GREEN,Wendell E Green Elementary School,ES,1150 W 96TH ST,60643,41.719292,-87.6525,366,306,351,3,0,Level 1+,School Year 2016-2017,WASHINGTON HEIGHTS
610542,WEST RIDGE,West Ridge Elementary School,ES,6700 N WHIPPLE ST,60645,42.002959,-87.705917,819,651,56,187,292,Level 1+,School Year 2016-2017,WEST RIDGE
609834,LITTLE VILLAGE,Little Village Elementary School,ES,2620 S LAWNDALE AVE,60623,41.843698,-87.717319,784,708,4,778,1,Level 1,School Year 2016-2017,SOUTH LAWNDALE
610212,ALBANY PARK,Albany Park Multicultural Academy,MS,4929 N SAWYER AVE,60625,41.971504,-87.710609,289,277,16,227,15,Level 1+,School Year 2016-2017,ALBANY PARK
609975,HAY,John Hay Elementary Community Academy,ES,1018 N LARAMIE AVE,60651,41.899171,-87.755813,383,334,331,47,2,Level 2+,School Year 2016-2017,AUSTIN
609723,MARSHALL HS,John Marshall Metropolitan High School,HS,3250 W ADAMS ST,60624,41.878444,-87.70805,343,335,336,5,0,Level 2,School Year 2016-2017,EAST GARFIELD PARK
609707,ROBESON HS,Paul Robeson High School,HS,6835 S NORMAL BLVD,60621,41.769714,-87.637153,123,118,120,1,0,Level 3,School Year 2016-2017,ENGLEWOOD
609985,HEFFERAN,Helen M Hefferan Elementary School,ES,4409 W WILCOX ST,60624,41.878665,-87.735802,347,302,340,4,2,Level 1,School Year 2016-2017,WEST GARFIELD PARK
610081,SHERIDAN,Mark Sheridan Math & Science Academy,ES,533 W 27TH ST,60616,41.8444,-87.64134,560,270,100,128,99,Level 1+,School Year 2016-2017,BRIDGEPORT
610206,TWAIN,Mark Twain Elementary School,ES,5134 S LOTUS AVE,60638,41.799046,-87.758928,1132,894,14,955,154,Level 1+,School Year 2016-2017,GARFIELD RIDGE
610116,PARKSIDE,Parkside Elementary Community Academy,ES,6938 S EAST END AVE,60649,41.768555,-87.582954,238,210,232,3,1,Level 1+,School Year 2016-2017,SOUTH SHORE
400102,URBAN PREP - WEST HS,Urban Prep Charter Academy for Young Men - West,HS,1326 W 14TH PL,60608,41.86254,-87.660107,225,197,220,3,0,Level 2,School Year 2016-2017,NEAR WEST SIDE
609875,DARWIN,Charles R Darwin Elementary School,ES,3116 W BELDEN AVE,60647,41.923323,-87.705413,517,404,35,435,31,Level 1,School Year 2016-2017,LOGAN SQUARE
610229,PRITZKER,A.N. Pritzker School,ES,2009 W SCHILLER ST,60622,41.907053,-87.677761,741,325,203,253,197,Level 1,School Year 2016-2017,WEST TOWN
609921,TELPOCHCALLI,Telpochcalli Elementary School,ES,2832 W 24TH BLVD,60623,41.847947,-87.696006,280,242,5,269,4,Level 1,School Year 2016-2017,SOUTH LAWNDALE
610305,LELAND,George Leland Elementary School,ES,512 S LAVERGNE AVE,60644,41.873587,-87.749276,415,363,405,6,2,Level 2+,School Year 2016-2017,AUSTIN
609979,HEALY,Robert Healy Elementary School,ES,3010 S PARNELL AVE,60616,41.839595,-87.640341,1414,1162,14,284,111,Level 1+,School Year 2016-2017,BRIDGEPORT
400053,NOBLE - GOLDER HS,Noble - Golder College Prep,HS,1454 W SUPERIOR ST,60642,41.895282,-87.664483,670,602,102,539,12,Level 1+,School Year 2016-2017,WEST TOWN
609807,HAMPTON,Lionel Hampton Fine & Performing Arts ES,ES,3434 W 77TH ST,60652,41.753457,-87.708731,533,462,231,290,5,Level 2+,School Year 2016-2017,ASHBURN
609950,ORTIZ DE DOMINGUEZ,Josefa Ortiz De Dominguez Elementary School,ES,3000 S LAWNDALE AVE,60623,41.838791,-87.71719,534,420,1,530,1,Inability to Rate,School Year 2016-2017,SOUTH LAWNDALE
610363,DISNEY,Walt Disney Magnet Elementary School,ES,4140 N MARINE DR,60613,41.956816,-87.646083,1562,900,672,352,301,Level 1+,School Year 2016-2017,UPTOWN
609991,HERZL,Theodore Herzl Elementary School,ES,3711 W DOUGLAS BLVD,60623,41.862081,-87.718994,585,511,539,11,2,Level 1,School Year 2016-2017,NORTH LAWNDALE
609820,BURLEY,Augustus H Burley Elementary School,ES,1630 W BARRY AVE,60657,41.937937,-87.669853,533,89,16,112,328,Level 1+,School Year 2016-2017,LAKE VIEW
610228,WHITTIER,John Greenleaf Whittier Elementary School,ES,1900 W 23RD ST,60608,41.850481,-87.673392,229,211,0,227,2,Level 2+,School Year 2016-2017,LOWER WEST SIDE
400048,LEARN - EXCEL,L.E.A.R.N. - Excel Campus,ES,3021 W CARROLL AVE,60612,41.874687,-87.686568,415,365,401,12,0,Level 1,School Year 2016-2017,NEAR WEST SIDE
609959,HAINES,John Charles Haines Elementary School,ES,247 W 23RD PL,60616,41.849958,-87.633806,686,572,105,11,2,Level 1+,School Year 2016-2017,ARMOUR SQUARE
609769,GRAHAM HS,Ray Graham Training Center High School,HS,2347 S WABASH AVE,60616,41.849675,-87.625315,116,109,62,49,1,Inability to Rate,School Year 2016-2017,NEAR SOUTH SIDE
400064,PERSPECTIVES - JOSLIN HS,Perspectives - Rodney D. Joslin,HS,1930 S ARCHER AVE,60616,41.855999,-87.628531,388,335,337,39,2,Level 1,School Year 2016-2017,NEAR SOUTH SIDE
610090,MURRAY,Phillip Murray Elementary Language Academy,ES,5335 S KENWOOD AVE,60615,41.798535,-87.59334,520,303,466,16,6,Level 1,School Year 2016-2017,HYDE PARK
400059,NORTH LAWNDALE - COLLINS HS,North Lawndale College Prep - Collins,HS,1313 S SACRAMENTO DR,60623,41.864146,-87.700681,351,340,348,2,0,Level 2,School Year 2016-2017,NORTH LAWNDALE
609907,ERICSON,Leif Ericson Elementary Scholastic Academy,ES,3600 W 5TH AVE,60624,41.875744,-87.715804,476,411,449,4,0,Level 1,School Year 2016-2017,EAST GARFIELD PARK
610319,EVERGREEN,Evergreen Academy Middle School,MS,3537 S PAULINA ST,60609,41.829356,-87.667817,316,297,4,287,16,Level 1,School Year 2016-2017,MCKINLEY PARK
400049,LEGACY,Legacy Charter School,ES,3318 W OGDEN AVE,60623,41.856859,-87.730348,466,410,445,12,0,Level 1,School Year 2016-2017,NORTH LAWNDALE
609832,BYRNE,Michael M Byrne Elementary School,ES,5329 S OAK PARK AVE,60638,41.795031,-87.791544,672,360,9,421,235,Level 1,School Year 2016-2017,GARFIELD RIDGE
610057,FAIRFIELD,Fairfield Elementary Academy,ES,6201 S FAIRFIELD AVE,60629,41.780904,-87.692115,577,514,117,446,4,Level 2+,School Year 2016-2017,CHICAGO LAWN
610196,SWIFT,George B Swift Elementary Specialty School,ES,5900 N WINTHROP AVE,60660,41.989139,-87.658296,690,506,183,203,102,Level 1+,School Year 2016-2017,EDGEWATER
609954,GREGORY,John Milton Gregory Elementary School,ES,3715 W POLK ST,60624,41.870742,-87.718666,350,307,344,5,0,Level 1,School Year 2016-2017,EAST GARFIELD PARK
609837,CARNEGIE,Andrew Carnegie Elementary School,ES,1414 E 61ST PL,60637,41.783368,-87.590795,636,504,622,9,2,Level 1,School Year 2016-2017,WOODLAWN
609741,HUBBARD HS,Gurdon S Hubbard High School,HS,6200 S HAMLIN AVE,60629,41.780526,-87.718014,1778,1678,120,1610,36,Level 1,School Year 2016-2017,WEST LAWN
610182,SOLOMON,Hannah G Solomon Elementary School,ES,6206 N HAMLIN AVE,60659,41.993942,-87.724043,348,174,18,48,142,Level 1+,School Year 2016-2017,NORTH PARK
400079,ACERO - ZIZUMBO,Acero Charter Schools - SPC Daniel Zizumbo,ES,4248 W 47TH ST,60632,41.810135,-87.730495,619,539,1,596,10,Level 1+,School Year 2016-2017,ARCHER HEIGHTS
609733,SULLIVAN HS,Roger C Sullivan High School,HS,6631 N BOSWORTH AVE,60626,42.002688,-87.669192,714,641,296,243,42,Level 2+,School Year 2016-2017,ROGERS PARK
610088,MOZART,Wolfgang A Mozart Elementary School,ES,2200 N HAMLIN AVE,60647,41.92091,-87.721888,644,590,23,603,9,Level 1,School Year 2016-2017,LOGAN SQUARE
400017,ASPIRA - HAUGAN,ASPIRA Charter School - Haugan Middle School,MS,3729 W LELAND AVE,60625,41.966406,-87.721825,422,403,14,385,8,Level 2+,School Year 2016-2017,ALBANY PARK
609729,SCHURZ HS,Carl Schurz High School,HS,3601 N MILWAUKEE AVE,60641,41.946365,-87.735612,1736,1599,177,1415,94,Level 2+,School Year 2016-2017,IRVING PARK
400040,FRAZIER CHARTER,Frazier Preparatory Academy Charter School,ES,3711 W DOUGLAS BLVD,60623,41.862077,-87.717642,363,320,357,5,0,Level 2+,School Year 2016-2017,NORTH LAWNDALE
610304,PHOENIX MILITARY HS,Phoenix Military Academy High School,HS,145 S CAMPBELL AVE,60612,41.879118,-87.68696,533,503,90,427,3,Level 1+,School Year 2016-2017,NEAR WEST SIDE
400069,POLARIS,Polaris Charter Academy,ES,620 N SAWYER AVE,60624,41.89255,-87.707796,432,390,394,32,1,Level 1,School Year 2016-2017,HUMBOLDT PARK
610074,MONROE,James Monroe Elementary School,ES,3651 W SCHUBERT AVE,60647,41.929989,-87.719224,822,750,19,776,17,Level 2+,School Year 2016-2017,LOGAN SQUARE
610073,MITCHELL,Ellen Mitchell Elementary School,ES,2233 W OHIO ST,60612,41.892082,-87.683185,407,193,54,192,147,Level 1,School Year 2016-2017,WEST TOWN
610155,SAUGANASH,Sauganash Elementary School,ES,6040 N KILPATRICK AVE,60646,41.991169,-87.745951,605,178,16,132,313,Level 1+,School Year 2016-2017,FOREST GLEN
609719,LAKE VIEW HS,Lake View High School,HS,4015 N ASHLAND AVE,60613,41.954764,-87.668953,1387,1122,127,980,186,Level 1,School Year 2016-2017,LAKE VIEW
610323,BOWEN HS,Bowen High School,HS,2710 E 89TH ST,60617,41.734627,-87.55755,293,271,228,63,1,Level 2+,School Year 2016-2017,SOUTH CHICAGO
610055,FARADAY,Michael Faraday Elementary School,ES,3250 W MONROE ST,60624,41.879714,-87.708092,284,244,278,5,1,Level 1,School Year 2016-2017,EAST GARFIELD PARK
609922,BELMONT-CRAGIN,Belmont-Cragin Elementary School,ES,5252 W PALMER ST,60639,41.92095,-87.757343,562,382,20,521,12,Level 2+,School Year 2016-2017,BELMONT CRAGIN
610062,MCCLELLAN,George B McClellan Elementary School,ES,3527 S WALLACE ST,60609,41.829993,-87.641103,337,274,144,113,46,Level 1+,School Year 2016-2017,BRIDGEPORT
610521,DAVIS M,Sir Miles Davis Magnet Elementary Academy,ES,6740 S PAULINA ST,60636,41.771221,-87.66653,256,236,238,17,0,Level 1+,School Year 2016-2017,WEST ENGLEWOOD
610539,CAMRAS,Marvin Camras Elementary School,ES,3000 N MANGO AVE,60634,41.934931,-87.770127,934,780,15,834,56,Level 2+,School Year 2016-2017,BELMONT CRAGIN
609676,DUNBAR HS,Paul Laurence Dunbar Career Academy High School,HS,3000 S KING DR,60616,41.840226,-87.617637,455,439,439,15,0,Level 2,School Year 2016-2017,DOUGLAS
609819,BURKE,Edmond Burke Elementary School,ES,5356 S KING DR,60615,41.79676,-87.616141,432,360,424,2,2,Level 2,School Year 2016-2017,WASHINGTON PARK
610385,MULTICULTURAL HS,Multicultural Academy of Scholarship,HS,3120 S KOSTNER AVE,60623,41.835282,-87.735283,238,222,28,206,3,Level 2+,School Year 2016-2017,SOUTH LAWNDALE
609794,EDISON,Thomas A Edison Regional Gifted Center ES,ES,4929 N SAWYER AVE,60625,41.971506,-87.709304,271,26,10,23,158,Level 1+,School Year 2016-2017,ALBANY PARK
610017,SAUCEDO,Maria Saucedo Elementary Scholastic Academy,ES,2850 W 24TH BLVD,60623,41.847941,-87.697316,1009,913,24,974,4,Level 2+,School Year 2016-2017,SOUTH LAWNDALE
610172,SHERMAN,William T Sherman Elementary School,ES,1000 W 52ND ST,60609,41.799766,-87.650221,252,227,230,22,0,Level 1+,School Year 2016-2017,NEW CITY
610092,NASH,Henry H Nash Elementary School,ES,4837 W ERIE ST,60644,41.89181,-87.747936,272,257,258,8,0,Level 1,School Year 2016-2017,AUSTIN
609762,JULIAN HS,Percy L Julian High School,HS,10330 S ELIZABETH ST,60643,41.705859,-87.653749,509,490,503,5,0,Level 2,School Year 2016-2017,WASHINGTON HEIGHTS
610106,PICCOLO,Brian Piccolo Elementary Specialty School,ES,1040 N KEELER AVE,60651,41.90014,-87.731261,594,535,290,296,3,Level 1+,School Year 2016-2017,HUMBOLDT PARK
400076,U OF C - NKO,University of Chicago - North Kenwood/Oakland,ES,1119 E 46TH ST,60653,41.811183,-87.598786,359,236,340,4,10,Level 1,School Year 2016-2017,KENWOOD
609773,AGASSIZ,Louis A Agassiz Elementary School,ES,2851 N SEMINARY AVE,60657,41.934126,-87.656229,463,182,97,142,182,Level 1,School Year 2016-2017,LAKE VIEW
609753,CHICAGO AGRICULTURE HS,Chicago High School for Agricultural Sciences,HS,3857 W 111TH ST,60655,41.691221,-87.71777,723,325,297,131,267,Level 1+,School Year 2016-2017,MOUNT GREENWOOD
609943,OWENS,Jesse Owens Elementary Community Academy,ES,12302 S STATE ST,60628,41.670618,-87.622546,381,342,369,9,0,Level 2,School Year 2016-2017,WEST PULLMAN
609698,BOGAN HS,William J Bogan High School,HS,3939 W 79TH ST,60652,41.749376,-87.721097,780,710,393,372,4,Level 2+,School Year 2016-2017,ASHBURN
610325,LOGANDALE,Logandale Middle School,MS,3212 W GEORGE ST,60618,41.93397,-87.708041,718,636,42,653,12,Level 1+,School Year 2016-2017,AVONDALE
610534,SKINNER NORTH,Skinner North,ES,640 W SCOTT ST,60610,41.905109,-87.644841,493,53,60,56,192,Level 1+,School Year 2016-2017,NEAR NORTH SIDE
610076,MOOS,Bernhard Moos Elementary School,ES,1711 N CALIFORNIA AVE,60647,41.912505,-87.696941,468,395,63,379,14,Level 1,School Year 2016-2017,WEST TOWN
610046,LYON,Mary Lyon Elementary School,ES,2941 N MCVICKER AVE,60634,41.934192,-87.777174,1410,1285,22,1274,80,Level 1,School Year 2016-2017,BELMONT CRAGIN
609744,NORTHSIDE LEARNING HS,Northside Learning Center High School,HS,3730 W BRYN MAWR AVE,60659,41.982973,-87.722386,230,194,52,116,46,Inability to Rate,School Year 2016-2017,NORTH PARK
610231,NATIONAL TEACHERS,National Teachers Elementary Academy,ES,55 W CERMAK RD,60616,41.8528,-87.629308,718,519,559,48,53,Level 1,School Year 2016-2017,NEAR SOUTH SIDE
400149,ACERO - SOTO HS,Acero Charter Schools - Victoria Soto,HS,5025 S ST. LOUIS AVE,60632,41.801762,-87.711025,559,529,6,547,2,Level 2+,School Year 2016-2017,GAGE PARK
610036,LEWIS,Leslie Lewis Elementary School,ES,1431 N LEAMINGTON AVE,60651,41.906826,-87.75455,476,382,338,129,3,Level 2,School Year 2016-2017,AUSTIN
609898,EBERHART,John F Eberhart Elementary School,ES,3400 W 65TH PL,60629,41.77442,-87.707953,1378,1257,38,1305,29,Level 1,School Year 2016-2017,CHICAGO LAWN
610350,BLACK,Robert A Black Magnet Elementary School,ES,9101 S EUCLID AVE,60619,41.729692,-87.576643,442,345,434,5,2,Level 2+,School Year 2016-2017,CALUMET HEIGHTS
610334,RABY HS,Al Raby High School,HS,3545 W FULTON BLVD,60624,41.88621,-87.715423,379,374,353,22,2,Level 2,School Year 2016-2017,EAST GARFIELD PARK
400141,YCCS - TRUMAN,YCCS-Truman Middle College HS,HS,1145 W WILSON AVE,60640,41.965295,-87.659239,202,155,64,97,20,Level 1,School Year 2016-2017,UPTOWN
610238,BOND,Carrie Jacobs Bond Elementary School,ES,7050 S MAY ST,60621,41.765361,-87.653018,287,262,280,4,3,Level 2+,School Year 2016-2017,ENGLEWOOD
610040,LLOYD,Henry D Lloyd Elementary School,ES,2103 N LAMON AVE,60639,41.918814,-87.748515,1088,917,25,1036,10,Level 1,School Year 2016-2017,BELMONT CRAGIN
610124,WASHINGTON H ES,Harold Washington Elementary School,ES,9130 S UNIVERSITY AVE,60619,41.728534,-87.596257,318,282,316,1,0,Level 1,School Year 2016-2017,BURNSIDE
610027,KIPLING,Rudyard Kipling Elementary School,ES,9351 S LOWE AVE,60620,41.723627,-87.639521,308,252,295,6,1,Level 2+,School Year 2016-2017,WASHINGTON HEIGHTS
609772,ADDAMS,Jane Addams Elementary School,ES,10810 S AVENUE H,60617,41.698739,-87.532976,716,598,12,692,11,Level 1+,School Year 2016-2017,EAST SIDE
610276,MOLLISON,Irvin C Mollison Elementary School,ES,4415 S DR MARTIN L KING JR DR,60653,41.814358,-87.616618,332,290,328,1,0,Level 2,School Year 2016-2017,GRAND BOULEVARD
610120,PECK,Ferdinand Peck Elementary School,ES,3826 W 58TH ST,60629,41.787899,-87.719216,943,708,5,914,11,Level 1+,School Year 2016-2017,WEST ELSDON
400116,MONTESSORI ENGLEWOOD,The Montessori School of Englewood Charter,ES,6936 S HERMITAGE AVE,60636,41.774572,-87.676147,308,258,299,7,1,Level 1,School Year 2016-2017,WEST ENGLEWOOD
609694,HANCOCK HS,John Hancock College Preparatory High School,HS,4034 W 56TH ST,60629,41.791464,-87.72447,972,855,16,913,25,Level 1,School Year 2016-2017,WEST ELSDON
609739,WASHINGTON HS,George Washington High School,HS,3535 E 114TH ST,60617,41.688137,-87.53757,1435,1297,76,1258,79,Level 1,School Year 2016-2017,EAST SIDE
610315,WHITE,Edward White Elementary Career Academy,ES,1136 W 122ND ST,60643,41.672309,-87.650539,160,130,155,2,0,Level 2+,School Year 2016-2017,WEST PULLMAN
610271,JENSEN,Jensen Elementary Scholastic Academy,ES,3030 W HARRISON ST,60612,41.873815,-87.702241,415,382,406,8,0,Level 2,School Year 2016-2017,EAST GARFIELD PARK
609766,VAUGHN HS,Jacqueline B Vaughn Occupational High School,HS,4355 N LINDER AVE,60641,41.960364,-87.764663,234,187,50,130,48,Inability to Rate,School Year 2016-2017,PORTAGE PARK
609732,STEINMETZ HS,Charles P Steinmetz College Preparatory HS,HS,3030 N MOBILE AVE,60634,41.935634,-87.783515,1281,1133,192,934,109,Level 2,School Year 2016-2017,BELMONT CRAGIN
609960,HALE,Nathan Hale Elementary School,ES,6140 S MELVINA AVE,60638,41.780192,-87.776579,930,620,14,679,221,Level 1,School Year 2016-2017,CLEARING
400125,YCCS - ASPIRA PANTOJA,"YCCS-ASPIRA,Antonia Pantoja Alternative HS",HS,3121 N PULASKI RD,60641,41.938187,-87.727137,137,129,4,131,1,Level 2+,School Year 2016-2017,AVONDALE
610094,NETTELHORST,Louis Nettelhorst Elementary School,ES,3252 N BROADWAY ST,60657,41.941637,-87.644561,789,176,95,114,446,Level 1+,School Year 2016-2017,LAKE VIEW
610220,WATERS,Thomas J Waters Elementary School,ES,4540 N CAMPBELL AVE,60625,41.964165,-87.691433,627,222,17,217,338,Level 1+,School Year 2016-2017,LINCOLN SQUARE
610139,PULLMAN,George M Pullman Elementary School,ES,11311 S FORRESTVILLE AVE,60628,41.688819,-87.609431,387,327,315,66,3,Level 1+,School Year 2016-2017,PULLMAN
610242,BRENNEMANN,Joseph Brennemann Elementary School,ES,4251 N CLARENDON AVE,60613,41.959984,-87.649749,436,374,284,100,11,Level 1+,School Year 2016-2017,UPTOWN
610548,STEM,STEM Magnet Academy,ES,1522 W FILLMORE ST,60607,41.868576,-87.664969,444,171,141,121,62,Level 1+,School Year 2016-2017,NEAR WEST SIDE
609885,DEWEY,Dewey Elementary Academy of Fine Arts,ES,5415 S UNION AVE,60609,41.795646,-87.642652,419,374,386,30,1,Level 1+,School Year 2016-2017,NEW CITY
400077,U OF C - WOODLAWN HS,University of Chicago - Woodlawn,HS,6420 S UNIVERSITY AVE,60637,41.77813,-87.598114,635,533,620,8,0,Level 1,School Year 2016-2017,WOODLAWN
610202,TILTON,George W Tilton Elementary School,ES,223 N KEELER AVE,60624,41.884102,-87.730566,295,260,283,10,0,Level 2+,School Year 2016-2017,WEST GARFIELD PARK
609883,DENEEN,Charles S Deneen Elementary School,ES,7240 S WABASH AVE,60619,41.76249,-87.623345,517,464,496,11,4,Level 2+,School Year 2016-2017,GREATER GRAND CROSSING
610099,NORWOOD PARK,Norwood Park Elementary School,ES,5900 N NINA AVE,60631,41.988153,-87.802979,436,69,6,140,250,Level 1+,School Year 2016-2017,NORWOOD PARK
609728,ROOSEVELT HS,Theodore Roosevelt High School,HS,3436 W WILSON AVE,60625,41.964828,-87.714819,1094,1020,161,755,63,Level 2,School Year 2016-2017,ALBANY PARK
610503,FRAZIER PROSPECTIVE,Frazier Prospective IB Magnet ES,ES,4027 W GRENSHAW ST,60624,41.86698,-87.727244,202,167,197,5,0,Level 2+,School Year 2016-2017,NORTH LAWNDALE
400054,NOBLE - PRITZKER HS,Noble - Pritzker College Prep,HS,4131 W CORTLAND ST,60639,41.915214,-87.730127,992,936,30,945,9,Level 1+,School Year 2016-2017,HERMOSA
610239,DALEY,Richard J Daley Elementary Academy,ES,5024 S WOLCOTT AVE,60609,41.802343,-87.672206,591,547,54,535,2,Level 2+,School Year 2016-2017,NEW CITY
609938,GARY,Joseph E Gary Elementary School,ES,3740 W 31ST ST,60623,41.837065,-87.718697,1109,1040,1,1090,14,Level 1,School Year 2016-2017,SOUTH LAWNDALE
400068,PLATO,Plato Learning Academy,ES,5545 W HARRISON ST,60644,41.87276,-87.763337,391,356,386,5,0,Level 2,School Year 2016-2017,AUSTIN
610039,VON LINNE,Carl von Linne Elementary School,ES,3221 N SACRAMENTO AVE,60618,41.940009,-87.702635,661,515,13,567,53,Level 1+,School Year 2016-2017,AVONDALE
610402,DEVRY HS,DeVry University Advantage Academy HS,HS,3300 N CAMPBELL AVE,60618,41.941388,-87.690761,193,143,65,89,18,Level 1+,School Year 2016-2017,NORTH CENTER
610174,SHIELDS,James Shields Elementary School,ES,4250 S ROCKWELL ST,60632,41.815909,-87.689647,837,721,6,809,18,Level 1+,School Year 2016-2017,BRIGHTON PARK
609887,DIXON,Arthur Dixon Elementary School,ES,8306 S SAINT LAWRENCE AVE,60619,41.743669,-87.609979,557,429,550,7,0,Level 1+,School Year 2016-2017,CHATHAM
610068,HANSON PARK,Hanson Park Elementary School,ES,5411 W FULLERTON AVE,60639,41.923955,-87.761515,1479,1309,18,1420,27,Level 1+,School Year 2016-2017,BELMONT CRAGIN
400136,YCCS - OLIVE HARVEY,YCCS-Olive Harvey Middle College HS,HS,10001 S WOODLAWN AVE,60628,41.712922,-87.592333,78,66,66,12,0,Level 1,School Year 2016-2017,PULLMAN
610587,DYETT ARTS HS,Walter Henri Dyett High School for the Arts,HS,555 E 51ST,60615,41.801204,-87.612239,331,290,324,5,1,Inability to Rate,School Year 2016-2017,WASHINGTON PARK
610165,SCHUBERT,Franz Peter Schubert Elementary School,ES,2727 N LONG AVE,60639,41.930403,-87.76119,756,615,14,712,20,Level 1,School Year 2016-2017,BELMONT CRAGIN
610381,BRONZEVILLE HS,Bronzeville Scholastic Academy High School,HS,4934 S WABASH AVE,60615,41.805204,-87.625004,322,311,311,8,0,Level 2,School Year 2016-2017,GRAND BOULEVARD
609693,WESTINGHOUSE HS,George Westinghouse College Prep,HS,3223 W FRANKLIN BLVD,60624,41.889977,-87.707332,1199,981,645,467,25,Level 1+,School Year 2016-2017,HUMBOLDT PARK
610053,MARQUETTE,Marquette Elementary School,ES,6550 S RICHMOND ST,60629,41.773881,-87.69703,1169,1055,414,737,11,Level 1,School Year 2016-2017,CHICAGO LAWN
609993,LARA,Agustin Lara Elementary Academy,ES,4619 S WOLCOTT AVE,60609,41.80977,-87.672182,438,396,15,420,3,Level 1+,School Year 2016-2017,NEW CITY
610523,EDISON PARK,Edison Park Elementary School,ES,6220 N OLCOTT AVE,60631,41.994238,-87.813771,543,103,6,111,388,Level 1,School Year 2016-2017,NORWOOD PARK
610129,PICKARD,Josiah Pickard Elementary School,ES,2301 W 21ST PL,60608,41.8529,-87.683291,444,399,12,425,7,Level 1+,School Year 2016-2017,LOWER WEST SIDE
609919,FISKE,John Fiske Elementary School,ES,6020 S LANGLEY AVE,60637,41.785183,-87.608633,455,388,447,8,0,Level 2+,School Year 2016-2017,WOODLAWN
609809,BRENTANO,Lorenz Brentano Math & Science Academy ES,ES,2723 N FAIRFIELD AVE,60647,41.930966,-87.696294,496,313,20,357,92,Level 1,School Year 2016-2017,LOGAN SQUARE
609974,HAWTHORNE,Hawthorne Elementary Scholastic Academy,ES,3319 N CLIFTON AVE,60657,41.942275,-87.657709,567,116,49,121,294,Level 1+,School Year 2016-2017,LAKE VIEW
609712,HIRSCH HS,Emil G Hirsch Metropolitan High School,HS,7740 S INGLESIDE AVE,60619,41.753748,-87.601727,132,119,129,1,1,Level 3,School Year 2016-2017,GREATER GRAND CROSSING
400126,YCCS - ASSOCIATION HOUSE,YCCS-Association House HS,HS,"1116 N KEDZIE, 4TH FLOOR AVE",60651,41.901572,-87.70686,124,117,39,80,4,Level 1,School Year 2016-2017,HUMBOLDT PARK
400057,NOBLE - UIC HS,Noble - UIC College Prep,HS,1231 S DAMEN AVE,60608,41.865817,-87.676111,954,814,295,606,12,Level 1+,School Year 2016-2017,NEAR WEST SIDE
400082,ACERO - FUENTES,Acero Charter Schools - Carlos Fuentes,ES,2845 W BARRY AVE,60618,41.937476,-87.699594,549,484,3,535,5,Level 1,School Year 2016-2017,AVONDALE
610051,NORTHWEST,Northwest Middle School,MS,5252 W PALMER ST,60639,41.920555,-87.757854,484,460,14,454,12,Level 2,School Year 2016-2017,BELMONT CRAGIN
400026,CICS - LOOMIS,CICS - Loomis Primary,ES,9535 S LOOMIS ST,60643,41.720246,-87.657561,558,407,556,2,0,Inability to Rate,School Year 2016-2017,WASHINGTON HEIGHTS
400133,YCCS - INNOVATIONS,YCCS- Innovations HS of Arts Integration,HS,17 N STATE ST,60602,41.883047,-87.627734,362,338,323,30,5,Level 1,School Year 2016-2017,LOOP
610015,JUNGMAN,Joseph Jungman Elementary School,ES,1746 S MILLER ST,60608,41.858065,-87.652302,282,243,34,219,8,Level 1,School Year 2016-2017,LOWER WEST SIDE
609945,GOUDY,William C. Goudy Technology Academy,ES,5120 N WINTHROP AVE,60640,41.975817,-87.657912,706,588,161,206,42,Level 1+,School Year 2016-2017,UPTOWN
609768,HOPE HS,Hope College Preparatory High School,HS,5515 S LOWE AVE,60621,41.793553,-87.641244,95,94,75,16,3,Level 2,School Year 2016-2017,ENGLEWOOD
400052,NOBLE - COMER,Noble - Gary Comer College Prep,HS,7131 S SOUTH CHICAGO AVE,60619,41.764083,-87.601974,1118,969,1080,25,0,Level 1,School Year 2016-2017,GREATER GRAND CROSSING
610219,WASHINGTON G ES,George Washington Elementary School,ES,3611 E 114TH ST,60617,41.688131,-87.536015,880,625,12,797,60,Level 1,School Year 2016-2017,EAST SIDE
610298,LENART,Lenart Elementary Regional Gifted Center,ES,8101 S LASALLE ST,60620,41.747186,-87.62804,284,86,169,15,39,Level 1+,School Year 2016-2017,CHATHAM
610034,LAWNDALE,Lawndale Elementary Community Academy,ES,3500 W DOUGLAS BLVD,60623,41.86296,-87.712957,265,232,260,5,0,Level 2,School Year 2016-2017,NORTH LAWNDALE
609855,CHRISTOPHER,Walter S Christopher Elementary School,ES,5042 S ARTESIAN AVE,60632,41.801659,-87.685607,381,341,61,290,19,Inability to Rate,School Year 2016-2017,GAGE PARK
609810,BRIDGE,Norman A Bridge Elementary School,ES,3800 N NEW ENGLAND AVE,60634,41.949114,-87.798669,1113,696,19,586,433,Level 1+,School Year 2016-2017,DUNNING
609963,HAMILTON,Alexander Hamilton Elementary School,ES,1650 W CORNELIA AVE,60657,41.94522,-87.670865,479,78,27,80,326,Level 1,School Year 2016-2017,LAKE VIEW
610176,SHOOP,John D Shoop Math-Science Technical Academy ES,ES,11140 S BISHOP ST,60643,41.690919,-87.658669,431,381,410,14,1,Level 1,School Year 2016-2017,MORGAN PARK
610316,EARHART,Amelia Earhart Options for Knowledge ES,ES,1710 E 93RD ST,60617,41.726107,-87.582182,239,160,229,6,0,Level 1,School Year 2016-2017,CALUMET HEIGHTS
610217,WARD J,James Ward Elementary School,ES,2701 S SHIELDS AVE,60616,41.84398,-87.635356,580,445,81,65,34,Level 1+,School Year 2016-2017,ARMOUR SQUARE
400058,NORTH LAWNDALE - CHRISTIANA HS,North Lawndale College Prep - Christiana,HS,1615 S CHRISTIANA AVE,60623,41.858564,-87.708987,357,349,355,1,1,Level 1,School Year 2016-2017,NORTH LAWNDALE
400106,NOBLE - JOHNSON HS,Noble - John and Eunice Johnson College Prep,HS,6350 S STEWART AVE,60621,41.778369,-87.635117,807,772,785,16,0,Level 1,School Year 2016-2017,ENGLEWOOD
610544,AZUELA,Mariano Azuela Elementary School,ES,4707 W MARQUETTE RD,60629,41.771079,-87.73992,890,735,4,861,14,Level 1,School Year 2016-2017,WEST LAWN
609725,MORGAN PARK HS,Morgan Park High School,HS,1744 W PRYOR AVE,60643,41.692035,-87.665658,1282,1119,1254,13,4,Level 2+,School Year 2016-2017,MORGAN PARK
609705,FENGER HS,Christian Fenger Academy High School,HS,11220 S WALLACE ST,60628,41.689951,-87.637572,248,227,243,3,0,Level 2,School Year 2016-2017,ROSELAND
400104,INSTITUTO - HEALTH,Instituto Health Sciences Career Academy,HS,2520 S WESTERN AVE,60608,41.845967,-87.68724,742,720,24,714,3,Level 1,School Year 2016-2017,LOWER WEST SIDE
610213,WADSWORTH,James Wadsworth Elementary School,ES,6650 S ELLIS AVE,60637,41.773478,-87.601018,544,477,522,13,1,Level 1+,School Year 2016-2017,WOODLAWN
609795,CLARK ES,George Rogers Clark Elementary School,ES,1045 S MONITOR AVE,60644,41.867813,-87.770418,237,203,142,80,6,Level 2+,School Year 2016-2017,AUSTIN
610041,LOCKE J,Josephine C Locke Elementary School,ES,2828 N OAK PARK AVE,60634,41.931762,-87.795604,1333,1126,29,1112,138,Level 1+,School Year 2016-2017,MONTCLARE
609842,CARSON,Rachel Carson Elementary School,ES,5516 S MAPLEWOOD AVE,60629,41.793272,-87.6878,1096,941,25,1063,3,Level 1,School Year 2016-2017,GAGE PARK
609679,PROSSER HS,Charles Allen Prosser Career Academy High School,HS,2148 N LONG AVE,60639,41.920059,-87.761048,1398,1316,252,1101,27,Level 1+,School Year 2016-2017,BELMONT CRAGIN
609944,GRISSOM,Virgil Grissom Elementary School,ES,12810 S ESCANABA AVE,60633,41.662481,-87.553307,351,205,17,260,56,Level 1+,School Year 2016-2017,HEGEWISCH
609897,EARLE,Charles W Earle Elementary School,ES,2040 W 62ND ST,60636,41.781225,-87.675547,419,351,387,24,0,Level 2,School Year 2016-2017,WEST ENGLEWOOD
610529,OGDEN HS,Ogden International High School,HS,1250 W ERIE ST,60642,41.893548,-87.659405,880,481,323,288,198,Level 1,School Year 2016-2017,WEST TOWN
610096,NIGHTINGALE,Florence Nightingale Elementary School,ES,5250 S ROCKWELL ST,60632,41.797714,-87.689139,1251,1092,10,1229,7,Level 1+,School Year 2016-2017,GAGE PARK
610364,DUBOIS,William E B Dubois Elementary School,ES,330 E 133RD ST,60827,41.653733,-87.61432,229,204,221,2,2,Level 1,School Year 2016-2017,RIVERDALE
610281,POWELL,Adam Clayton Powell Paideia Community Academy ES,ES,7511 S SOUTH SHORE DR,60649,41.760332,-87.556789,593,516,573,14,2,Level 2,School Year 2016-2017,SOUTH SHORE
400071,PROVIDENCE ENGLEWOOD,Providence Englewood Charter School,ES,6515 S ASHLAND AVE,60636,41.775367,-87.663996,517,437,489,20,1,Level 2+,School Year 2016-2017,WEST ENGLEWOOD
610380,WILLIAMS HS,Daniel Hale Williams Prep School of Medicine,HS,4934 S WABASH AVE,60615,41.806118,-87.62503,232,224,226,4,1,Level 1,School Year 2016-2017,GRAND BOULEVARD
610547,SOUTH SHORE INTL HS,South Shore Intl College Prep High School,HS,1955 E 75TH ST,60649,41.758792,-87.576353,651,568,624,18,0,Level 1,School Year 2016-2017,SOUTH SHORE
610532,HERNANDEZ,Irene C. Hernandez Middle School for the Advancement of Science,MS,3510 W 55TH ST,60632,41.793479,-87.71137,999,970,17,966,8,Level 1,School Year 2016-2017,GAGE PARK
610383,SOCIAL JUSTICE HS,Greater Lawndale High School For Social Justice,HS,3120 S KOSTNER AVE,60623,41.833507,-87.735299,283,272,30,250,2,Level 1,School Year 2016-2017,SOUTH LAWNDALE
610191,STONE,Stone Elementary Scholastic Academy,ES,6239 N LEAVITT ST,60659,41.995359,-87.684793,630,336,130,111,195,Level 1+,School Year 2016-2017,WEST RIDGE
610137,PRUSSING,Ernst Prussing Elementary School,ES,4650 N MENARD AVE,60630,41.965619,-87.772414,739,451,17,308,339,Level 1,School Year 2016-2017,PORTAGE PARK
400083,ACERO - PAZ,Acero Charter Schools - Octavio Paz Campus,ES,2651 W 23RD ST,60608,41.850035,-87.692551,369,347,27,338,1,Level 2+,School Year 2016-2017,SOUTH LAWNDALE
609848,ALDRIDGE,Ira F Aldridge Elementary School,ES,630 E 131ST ST,60827,41.657405,-87.606474,201,178,195,5,0,Level 2,School Year 2016-2017,RIVERDALE
610279,TANNER,Henry O Tanner Elementary School,ES,7350 S EVANS AVE,60619,41.760673,-87.606791,346,298,336,7,1,Level 2+,School Year 2016-2017,GREATER GRAND CROSSING
609808,HALEY,Alex Haley Elementary Academy,ES,11411 S EGGLESTON AVE,60628,41.68666,-87.633632,536,462,529,5,2,Level 1+,School Year 2016-2017,ROSELAND
610568,PATHWAYS - AVONDALE HS,Pathways in Education- Avondale,HS,3100 W BELMONT AVE,60618,41.939433,-87.705206,222,198,14,179,20,Level 2+,School Year 2016-2017,AVONDALE
609939,GILLESPIE,Frank L Gillespie Elementary School,ES,9301 S STATE ST,60619,41.725332,-87.623719,495,425,479,11,2,Level 2+,School Year 2016-2017,ROSELAND
400043,HOPE INSTITUTE,Hope Institute Learning Academy,ES,1628 W WASHINGTON,60612,41.883362,-87.668077,365,306,326,28,8,Level 2+,School Year 2016-2017,NEAR WEST SIDE
610268,ASHE,Arthur R Ashe Elementary School,ES,8505 S INGLESIDE AVE,60619,41.740184,-87.601174,324,261,318,6,0,Level 2,School Year 2016-2017,CHATHAM
610588,RICHARDSON,Robert J. Richardson Middle School,MS,6018 S KARLOV,60629,41.783826,-87.725422,1213,1137,8,1151,33,Inability to Rate,School Year 2016-2017,WEST LAWN
609849,CASSELL,George F Cassell Elementary School,ES,11314 S SPAULDING AVE,60655,41.687347,-87.703215,412,104,39,67,288,Level 2+,School Year 2016-2017,MOUNT GREENWOOD
610138,PULASKI,Pulaski International School of Chicago,ES,2230 W MCLEAN AVE,60647,41.918486,-87.683801,929,620,10,690,188,Level 1+,School Year 2016-2017,LOGAN SQUARE
610067,MCKAY,Francis M McKay Elementary School,ES,6901 S FAIRFIELD AVE,60629,41.768143,-87.691787,809,701,610,187,7,Level 1,School Year 2016-2017,CHICAGO LAWN
609827,BURNSIDE,Burnside Elementary Scholastic Academy,ES,650 E 91ST PL,60619,41.728481,-87.607435,468,363,460,8,0,Level 1,School Year 2016-2017,CHATHAM
400056,NOBLE - ROWE CLARK HS,Noble - Rowe-Clark Math and Science Academy,HS,3645 W CHICAGO AVE,60651,41.895362,-87.718047,474,441,356,113,1,Level 2+,School Year 2016-2017,HUMBOLDT PARK
610098,NOBEL,Alfred Nobel Elementary School,ES,4127 W HIRSCH ST,60651,41.906155,-87.729955,773,700,92,665,11,Level 1,School Year 2016-2017,HUMBOLDT PARK
609811,BRIGHT,Orville T Bright Elementary School,ES,10740 S CALHOUN AVE,60617,41.699726,-87.562084,282,253,192,85,4,Level 2+,School Year 2016-2017,SOUTH DEERING
609850,GREELEY,Horace Greeley Elementary School,ES,832 W SHERIDAN RD,60613,41.95281,-87.65098,568,455,91,393,61,Level 1+,School Year 2016-2017,LAKE VIEW
610235,YOUNG ES,Ella Flagg Young Elementary School,ES,1434 N PARKSIDE AVE,60651,41.906791,-87.767143,792,710,690,94,2,Level 1,School Year 2016-2017,AUSTIN
610024,CARDENAS,Lazaro Cardenas Elementary School,ES,2345 S MILLARD AVE,60623,41.848488,-87.716017,550,440,25,520,1,Level 1+,School Year 2016-2017,SOUTH LAWNDALE
609835,CAMERON,Daniel R Cameron Elementary School,ES,1234 N MONTICELLO AVE,60651,41.903792,-87.717927,770,695,199,549,12,Level 1,School Year 2016-2017,HUMBOLDT PARK
400117,NOBLE - HANSBERRY HS,Noble - Hansberry College Prep,HS,8748 S ABERDEEN ST,60620,41.734442,-87.650987,656,551,627,8,1,Level 1+,School Year 2016-2017,AUBURN GRESHAM
400175,CAMELOT - EXCEL SOUTHSHORE HS,Excel - Woodlawn HS,HS,7530 S SOUTH SHORE DR,60649,41.759749,-87.556487,99,91,88,11,0,Inability to Rate,School Year 2016-2017,SOUTH SHORE
610003,CUFFE,Paul Cuffe Math-Science Technology Academy ES,ES,8324 S RACINE AVE,60620,41.742452,-87.653633,316,281,309,7,0,Level 1,School Year 2016-2017,AUBURN GRESHAM
609844,CARTER,William W Carter Elementary School,ES,5740 S MICHIGAN AVE,60637,41.789828,-87.622453,423,386,417,6,0,Level 1+,School Year 2016-2017,WASHINGTON PARK
610225,WHISTLER,John Whistler Elementary School,ES,11533 S ADA ST,60643,41.683907,-87.655384,351,288,345,4,2,Level 1+,School Year 2016-2017,WEST PULLMAN
400091,CHICAGO TECH HS,Chicago Technology Academy High School,HS,1301 W 14TH ST,60608,41.863301,-87.659095,245,222,189,45,8,Level 2,School Year 2016-2017,NEAR WEST SIDE
610145,REINBERG,Peter A Reinberg Elementary School,ES,3425 N MAJOR AVE,60634,41.943019,-87.768983,798,605,19,579,153,Level 2+,School Year 2016-2017,PORTAGE PARK
610559,SHIELDS MIDDLE,James Shields Middle School,MS,2611 W 48TH ST,60632,41.806491,-87.68978,603,585,10,575,11,Level 1,School Year 2016-2017,BRIGHTON PARK
610209,VOLTA,Alessandro Volta Elementary School,ES,4950 N AVERS AVE,60625,41.971634,-87.724605,891,748,27,577,59,Level 1,School Year 2016-2017,ALBANY PARK
610108,OTOOLE,Luke O'Toole Elementary School,ES,6550 S SEELEY AVE,60636,41.774571,-87.674865,355,320,315,31,0,Level 1,School Year 2016-2017,WEST ENGLEWOOD
609854,CHOPIN,Frederic Chopin Elementary School,ES,2450 W RICE ST,60622,41.896713,-87.688937,419,365,95,286,29,Level 1,School Year 2016-2017,WEST TOWN
610504,THOMAS,Velma F Thomas Early Childhood Center,ES,3625 S HOYNE AVE,60609,41.827775,-87.677542,158,64,2,130,16,Inability to Rate,School Year 2016-2017,MCKINLEY PARK
400180,KIPP - ONE,KIPP One Academy,ES,730 N PULASKI,60624,41.893805,-87.726615,423,361,330,91,1,Inability to Rate,School Year 2016-2017,HUMBOLDT PARK
610089,MURPHY,John B Murphy Elementary School,ES,3539 W GRACE ST,60618,41.950078,-87.716832,523,371,15,396,76,Level 2+,School Year 2016-2017,IRVING PARK
610048,MANIERRE,George Manierre Elementary School,ES,1420 N HUDSON AVE,60610,41.908247,-87.639827,345,316,337,5,0,Level 2+,School Year 2016-2017,NEAR NORTH SIDE
610144,REILLY,Frank W Reilly Elementary School,ES,3650 W SCHOOL ST,60618,41.941094,-87.719541,923,804,4,870,29,Level 1,School Year 2016-2017,AVONDALE
609971,HARVARD,John Harvard Elementary School of Excellence,ES,7525 S HARVARD,60620,41.757341,-87.632737,394,346,389,3,1,Level 2,School Year 2016-2017,GREATER GRAND CROSSING
609988,HENRY,Patrick Henry Elementary School,ES,4250 N SAINT LOUIS AVE,60618,41.958989,-87.715632,530,433,21,444,39,Level 1,School Year 2016-2017,IRVING PARK
610029,LOZANO,Rodolfo Lozano Bilingual & International Ctr ES,ES,1501 N GREENVIEW AVE,60642,41.908886,-87.665093,200,176,29,160,5,Level 1,School Year 2016-2017,WEST TOWN
610101,OGDEN ES,William B Ogden Elementary School,ES,24 W WALTON ST,60610,41.899976,-87.629297,808,191,152,134,326,Level 1,School Year 2016-2017,NEAR NORTH SIDE
609737,VON STEUBEN HS,Friedrich W von Steuben Metropolitan Science HS,HS,5039 N KIMBALL AVE,60625,41.973185,-87.713386,1735,1298,192,994,281,Level 1+,School Year 2016-2017,NORTH PARK
609738,LINCOLN PARK HS,Lincoln Park High School,HS,2001 N ORCHARD ST,60614,41.918268,-87.646009,2097,1139,447,729,589,Level 1+,School Year 2016-2017,LINCOLN PARK
610121,IRVING,Washington Irving Elementary School,ES,749 S OAKLEY BLVD,60612,41.871595,-87.683616,446,382,351,78,4,Level 1,School Year 2016-2017,NEAR WEST SIDE
610263,DULLES,John Foster Dulles Elementary School,ES,6311 S CALUMET AVE,60637,41.7799,-87.617214,653,581,632,13,2,Level 1,School Year 2016-2017,GREATER GRAND CROSSING
609680,PAYTON HS,Walter Payton College Preparatory High School,HS,1034 N WELLS ST,60610,41.901575,-87.635385,1072,346,118,235,465,Level 1+,School Year 2016-2017,NEAR NORTH SIDE
610208,LAVIZZO,Mildred I Lavizzo Elementary School,ES,138 W 109TH ST,60628,41.696262,-87.627148,355,316,347,7,0,Level 1+,School Year 2016-2017,ROSELAND
400114,ACERO - SANTIAGO,Acero Charter Schools - Esmeralda Santiago,ES,2510 W CORTEZ ST,60622,41.900344,-87.689896,276,247,6,262,6,Level 1+,School Year 2016-2017,WEST TOWN
610125,RUIZ,Irma C Ruiz Elementary School,ES,2410 S LEAVITT ST,60608,41.848101,-87.680745,699,622,4,673,16,Level 2+,School Year 2016-2017,LOWER WEST SIDE
610011,JAMIESON,Minnie Mars Jamieson Elementary School,ES,5650 N MOZART ST,60659,41.984641,-87.700529,917,624,55,312,252,Level 1+,School Year 2016-2017,WEST RIDGE
610366,WACKER,Charles H Wacker Elementary School,ES,9746 S MORGAN ST,60643,41.716193,-87.648044,292,223,289,1,0,Level 1+,School Year 2016-2017,WASHINGTON HEIGHTS
610566,MAGIC JOHNSON - N LAWNDALE HS,Magic Johnson- North Lawndale HS,HS,3222 W ROOSEVELT RD,60624,41.866478,-87.706604,139,131,126,11,0,Level 2+,School Year 2016-2017,NORTH LAWNDALE
400144,YCCS - WESTSIDE HOLISTIC,YCCS-Westside Holistic Leadership Acad HS,HS,4909 W DIVISION ST,60651,41.90224,-87.74881,78,74,60,18,0,Level 1+,School Year 2016-2017,AUSTIN
610130,PIRIE,John T Pirie Fine Arts & Academic Center ES,ES,650 E 85TH ST,60619,41.74034,-87.607891,260,208,254,2,1,Level 2+,School Year 2016-2017,CHATHAM
400081,ACERO - DE LAS CASAS,Acero Charter Schools - Bartolomé de las Casas,ES,1641 W 16TH ST,60608,41.859504,-87.667949,277,254,3,269,0,Level 1+,School Year 2016-2017,LOWER WEST SIDE
610013,PILSEN,Pilsen Elementary Community Academy,ES,1420 W 17TH ST,60608,41.858849,-87.662209,329,246,34,285,6,Level 2,School Year 2016-2017,LOWER WEST SIDE
610237,BEETHOVEN,Ludwig Van Beethoven Elementary School,ES,25 W 47TH ST,60609,41.809135,-87.627137,388,337,374,9,2,Level 2,School Year 2016-2017,GRAND BOULEVARD
610171,MIRELES,Arnold Mireles Elementary Academy,ES,9000 S EXCHANGE AVE,60617,41.731717,-87.552788,532,471,269,249,9,Level 2+,School Year 2016-2017,SOUTH CHICAGO
610084,KELLER,Annie Keller Elementary Gifted Magnet School,ES,3020 W 108TH ST,60655,41.69717,-87.697278,242,58,82,27,68,Level 1+,School Year 2016-2017,MOUNT GREENWOOD
609873,CROWN,Crown Community Academy of Fine Arts Center ES,ES,2128 S SAINT LOUIS AVE,60623,41.852663,-87.71247,243,210,221,20,2,Level 2,School Year 2016-2017,NORTH LAWNDALE
609711,HARPER HS,William Rainey Harper High School,HS,6520 S WOOD ST,60636,41.775124,-87.669089,136,135,130,5,0,Level 2,School Year 2016-2017,WEST ENGLEWOOD
609893,DORE,John C Dore Elementary School,ES,6108 S NATOMA AVE,60638,41.780954,-87.787604,720,376,25,481,204,Level 1,School Year 2016-2017,CLEARING
610246,BEASLEY,Edward Beasley Elementary Magnet Academic Center,ES,5255 S STATE ST,60609,41.798465,-87.625692,1248,1002,1213,20,6,Level 2+,School Year 2016-2017,WASHINGTON PARK
610218,WARREN,Joseph Warren Elementary School,ES,9239 S JEFFERY AVE,60617,41.726763,-87.575353,229,196,226,2,0,Level 1,School Year 2016-2017,CALUMET HEIGHTS
609829,BURROUGHS,John C Burroughs Elementary School,ES,3542 S WASHTENAW AVE,60632,41.828868,-87.692457,477,407,7,453,10,Level 1,School Year 2016-2017,BRIGHTON PARK
400086,URBAN PREP - ENGLEWOOD HS,Urban Prep Academy for Young Men - Englewood,HS,6201 S STEWART AVE,60621,41.781498,-87.634357,271,241,270,1,0,Level 2+,School Year 2016-2017,ENGLEWOOD
610091,BROWN R,Ronald Brown Elementary Community Academy,ES,12607 S UNION AVE,60628,41.664873,-87.638958,318,288,316,0,0,Level 2,School Year 2016-2017,WEST PULLMAN
610561,CRANE MEDICAL HS,Richard T Crane Medical Preparatory HS,HS,2245 W JACKSON BLVD,60612,41.876947,-87.683301,489,434,356,116,3,Level 1,School Year 2016-2017,NEAR WEST SIDE
609818,BURBANK,Luther Burbank Elementary School,ES,2035 N MOBILE AVE,60639,41.917598,-87.7827,905,796,55,822,18,Level 1+,School Year 2016-2017,BELMONT CRAGIN
400153,ACERO - BRIGHTON PARK,Acero Charter Schools - Brighton Park,ES,4420 S FAIRFIELD AVE,60632,41.813109,-87.693238,565,527,3,550,0,Level 1,School Year 2016-2017,BRIGHTON PARK
610513,AIR FORCE HS,Air Force Academy High School,HS,3630 S WELLS ST,60609,41.828145,-87.632757,262,239,116,106,28,Level 1,School Year 2016-2017,ARMOUR SQUARE
610167,SEWARD,William H Seward Communication Arts Academy ES,ES,4600 S HERMITAGE AVE,60609,41.810333,-87.668772,683,629,3,669,7,Level 2+,School Year 2016-2017,NEW CITY
610329,OROZCO,Orozco Fine Arts & Sciences Elementary School,ES,1940 W 18TH ST,60608,41.857755,-87.67521,541,485,10,520,6,Level 1,School Year 2016-2017,LOWER WEST SIDE
609710,HARLAN HS,John M Harlan Community Academy High School,HS,9652 S MICHIGAN AVE,60628,41.718372,-87.620623,387,365,383,1,1,Level 3,School Year 2016-2017,ROSELAND
610146,REVERE,Paul Revere Elementary School,ES,1010 E 72ND ST,60619,41.764196,-87.600177,230,210,227,2,0,Level 2+,School Year 2016-2017,GREATER GRAND CROSSING
609691,NORTH-GRAND HS,North-Grand High School,HS,4338 W WABANSIA AVE,60639,41.911674,-87.735238,954,902,153,777,11,Level 1,School Year 2016-2017,HUMBOLDT PARK
610295,HIGGINS,Thomas J Higgins Elementary Community Academy,ES,11710 S MORGAN ST,60643,41.681031,-87.646994,261,219,253,6,0,Level 1,School Year 2016-2017,WEST PULLMAN
609937,GARVY,John W Garvy Elementary School,ES,5225 N OAK PARK AVE,60656,41.976352,-87.796235,824,330,6,236,488,Level 1+,School Year 2016-2017,NORWOOD PARK
400025,CICS - BUCKTOWN,CICS - Bucktown,ES,2235 N HAMILTON AVE,60647,41.922415,-87.681358,703,510,81,572,26,Level 2+,School Year 2016-2017,LOGAN SQUARE
610198,TAYLOR,Douglas Taylor Elementary School,ES,9912 S AVENUE H,60617,41.71547,-87.532971,443,397,40,385,14,Level 1,School Year 2016-2017,EAST SIDE
609724,MATHER HS,Stephen T Mather High School,HS,5835 N LINCOLN AVE,60659,41.987589,-87.702496,1430,1206,169,513,272,Level 1,School Year 2016-2017,WEST RIDGE
609925,KELLMAN,Joseph Kellman Corporate Community ES,ES,3030 W ARTHINGTON ST,60612,41.870168,-87.702163,335,300,332,1,1,Level 2+,School Year 2016-2017,EAST GARFIELD PARK
610097,NIXON,William P Nixon Elementary School,ES,2121 N KEELER AVE,60639,41.919581,-87.73142,824,715,15,789,11,Level 2+,School Year 2016-2017,HERMOSA
610352,DURKIN PARK,Durkin Park Elementary School,ES,8445 S KOLIN AVE,60652,41.738844,-87.729955,697,547,80,579,28,Level 1+,School Year 2016-2017,ASHBURN
610183,SPENCER,Spencer Technology Academy,ES,214 N LAVERGNE AVE,60644,41.884876,-87.750445,554,491,534,17,1,Level 2,School Year 2016-2017,AUSTIN
610175,SHOESMITH,Beulah Shoesmith Elementary School,ES,1330 E 50TH ST,60615,41.804294,-87.593905,363,265,330,14,13,Level 1,School Year 2016-2017,KENWOOD
610313,DE DIEGO,Jose De Diego Elementary Community Academy,ES,1313 N CLAREMONT AVE,60622,41.905294,-87.685756,560,463,149,379,20,Level 2+,School Year 2016-2017,WEST TOWN
609871,VICK,Barbara Vick Early Childhood & Family Center,ES,2554 W 113TH ST,60655,41.688191,-87.685677,314,88,67,127,115,Inability to Rate,School Year 2016-2017,MORGAN PARK
400161,CHICAGO COLLEGIATE,Chicago Collegiate Charter School,HS,11816 S INDIANA,60628,41.679318,-87.617968,381,354,375,4,0,Level 1+,School Year 2016-2017,WEST PULLMAN
609933,GALE,Stephen F Gale Elementary Community Academy,ES,1631 W JONQUIL TER,60626,42.021091,-87.671939,317,279,186,85,18,Level 2,School Year 2016-2017,ROGERS PARK
400039,ERIE,Erie Elementary Charter School,ES,1405 N WASHTENAW AVE,60622,41.906771,-87.694364,420,349,60,337,9,Level 2+,School Year 2016-2017,WEST TOWN
609942,GOETHE,Johann W von Goethe Elementary School,ES,2236 N ROCKWELL ST,60647,41.922831,-87.6929,764,518,32,567,132,Level 1+,School Year 2016-2017,LOGAN SQUARE
610026,KINZIE,John H Kinzie Elementary School,ES,5625 S MOBILE AVE,60638,41.789965,-87.779483,687,419,31,482,157,Level 1+,School Year 2016-2017,GARFIELD RIDGE
610317,BRIGHTON PARK,Brighton Park Elementary School,ES,3825 S WASHTENAW AVE,60632,41.8239,-87.692077,454,401,11,425,6,Level 1,School Year 2016-2017,BRIGHTON PARK
609749,NORTHSIDE PREP HS,Northside College Preparatory High School,HS,5501 N KEDZIE AVE,60625,41.981315,-87.708708,1062,470,78,316,311,Level 1+,School Year 2016-2017,NORTH PARK
400172,ASPIRA - BUSINESS & FINANCE HS,ASPIRA Business and Finance,HS,2989 N MILWAUKEE AVE,60618,41.935726,-87.718204,494,474,13,460,9,Level 1+,School Year 2016-2017,AVONDALE
609720,LANE TECH HS,Albert G Lane Technical High School,HS,2501 W ADDISON ST,60618,41.946645,-87.691013,4447,2191,351,1813,1567,Level 1+,School Year 2016-2017,NORTH CENTER
400080,ACERO - TORRES,Acero Charter Schools - PFC Omar E. Torres,ES,4248 W 47TH ST,60632,41.8082,-87.73045,564,482,7,536,1,Level 1+,School Year 2016-2017,ARCHER HEIGHTS
